source_file,subject_id,rt,stimulus,image_idx,slider_start,rating
ratings_950879.csv,950879,3357.0,../../images/project_ratings/im39.png,39,4,2.0
ratings_950879.csv,950879,2786.0,../../images/project_ratings/im41.png,41,1,4.0
ratings_950879.csv,950879,2077.0,../../images/project_ratings/im2.png,2,1,5.0
ratings_950879.csv,950879,2402.0,../../images/project_ratings/im48.png,48,4,2.0
ratings_950879.csv,950879,2526.0,../../images/project_ratings/im50.png,50,3,2.0
ratings_950879.csv,950879,2089.0,../../images/project_ratings/im44.png,44,3,2.0
ratings_950879.csv,950879,4077.0,../../images/project_ratings/im33.png,33,1,5.0
ratings_950879.csv,950879,2483.0,../../images/project_ratings/im35.png,35,3,4.0
ratings_950879.csv,950879,2973.0,../../images/project_ratings/im40.png,40,2,1.0
ratings_950879.csv,950879,2742.0,../../images/project_ratings/im27.png,27,3,1.0
ratings_950879.csv,950879,2275.0,../../images/project_ratings/im24.png,24,2,1.0
ratings_950879.csv,950879,2423.0,../../images/project_ratings/im53.png,53,2,3.0
ratings_950879.csv,950879,1838.0,../../images/project_ratings/im46.png,46,3,4.0
ratings_950879.csv,950879,2904.0,../../images/project_ratings/im3.png,3,2,5.0
ratings_950879.csv,950879,2433.0,../../images/project_ratings/im26.png,26,3,2.0
ratings_950879.csv,950879,1779.0,../../images/project_ratings/im36.png,36,2,1.0
ratings_950879.csv,950879,2512.0,../../images/project_ratings/im21.png,21,1,3.0
ratings_950879.csv,950879,1637.0,../../images/project_ratings/im10.png,10,3,4.0
ratings_950879.csv,950879,4656.0,../../images/project_ratings/im52.png,52,1,1.0
ratings_950879.csv,950879,4642.0,../../images/project_ratings/im19.png,19,4,4.0
ratings_950879.csv,950879,1890.0,../../images/project_ratings/im42.png,42,3,1.0
ratings_950879.csv,950879,2091.0,../../images/project_ratings/im56.png,56,2,1.0
ratings_950879.csv,950879,2375.0,../../images/project_ratings/im17.png,17,1,3.0
ratings_950879.csv,950879,4067.0,../../images/project_ratings/im31.png,31,3,1.0
ratings_950879.csv,950879,2608.0,../../images/project_ratings/im49.png,49,4,1.0
ratings_950879.csv,950879,3501.0,../../images/project_ratings/im32.png,32,4,3.0
ratings_950879.csv,950879,3826.0,../../images/project_ratings/im47.png,47,2,1.0
ratings_950879.csv,950879,2087.0,../../images/project_ratings/im38.png,38,1,4.0
ratings_950879.csv,950879,1685.0,../../images/project_ratings/im55.png,55,4,2.0
ratings_950879.csv,950879,1653.0,../../images/project_ratings/im13.png,13,3,1.0
ratings_950879.csv,950879,2271.0,../../images/project_ratings/im22.png,22,3,1.0
ratings_950879.csv,950879,2670.0,../../images/project_ratings/im51.png,51,4,5.0
ratings_950879.csv,950879,3990.0,../../images/project_ratings/im30.png,30,1,1.0
ratings_950879.csv,950879,4130.0,../../images/project_ratings/im34.png,34,3,2.0
ratings_950879.csv,950879,3433.0,../../images/project_ratings/im23.png,23,3,4.0
ratings_950879.csv,950879,2258.0,../../images/project_ratings/im4.png,4,3,2.0
ratings_950879.csv,950879,2293.0,../../images/project_ratings/im14.png,14,4,3.0
ratings_950879.csv,950879,2492.0,../../images/project_ratings/im29.png,29,2,4.0
ratings_950879.csv,950879,2581.0,../../images/project_ratings/im28.png,28,3,2.0
ratings_950879.csv,950879,3301.0,../../images/project_ratings/im54.png,54,3,4.0
ratings_950879.csv,950879,1931.0,../../images/project_ratings/im58.png,58,2,4.0
ratings_950879.csv,950879,2209.0,../../images/project_ratings/im18.png,18,3,4.0
ratings_950879.csv,950879,1575.0,../../images/project_ratings/im59.png,59,3,2.0
ratings_950879.csv,950879,1543.0,../../images/project_ratings/im20.png,20,4,5.0
ratings_950879.csv,950879,2692.0,../../images/project_ratings/im25.png,25,2,5.0
ratings_950879.csv,950879,2100.0,../../images/project_ratings/im6.png,6,3,2.0
ratings_950879.csv,950879,3573.0,../../images/project_ratings/im45.png,45,4,1.0
ratings_950879.csv,950879,2692.0,../../images/project_ratings/im7.png,7,4,3.0
ratings_950879.csv,950879,1867.0,../../images/project_ratings/im57.png,57,4,1.0
ratings_950879.csv,950879,2438.0,../../images/project_ratings/im1.png,1,2,5.0
ratings_950879.csv,950879,1742.0,../../images/project_ratings/im16.png,16,3,2.0
ratings_950879.csv,950879,3592.0,../../images/project_ratings/im0.png,0,2,1.0
ratings_950879.csv,950879,5749.0,../../images/project_ratings/im15.png,15,4,1.0
ratings_950879.csv,950879,1951.0,../../images/project_ratings/im5.png,5,3,5.0
ratings_950879.csv,950879,2374.0,../../images/project_ratings/im11.png,11,3,1.0
ratings_950879.csv,950879,2270.0,../../images/project_ratings/im9.png,9,4,1.0
ratings_950879.csv,950879,2081.0,../../images/project_ratings/im8.png,8,3,4.0
ratings_950879.csv,950879,3560.0,../../images/project_ratings/im12.png,12,1,1.0
ratings_950879.csv,950879,3259.0,../../images/project_ratings/im43.png,43,2,5.0
ratings_950879.csv,950879,2464.0,../../images/project_ratings/im37.png,37,2,1.0
ratings_621405.csv,621405,6071.0,../../images/project_ratings/im39.png,39,1,3.0
ratings_621405.csv,621405,5050.0,../../images/project_ratings/im41.png,41,3,3.0
ratings_621405.csv,621405,3165.0,../../images/project_ratings/im2.png,2,1,4.0
ratings_621405.csv,621405,3144.0,../../images/project_ratings/im48.png,48,2,1.0
ratings_621405.csv,621405,2757.0,../../images/project_ratings/im50.png,50,4,1.0
ratings_621405.csv,621405,5300.0,../../images/project_ratings/im44.png,44,1,2.0
ratings_621405.csv,621405,2819.0,../../images/project_ratings/im33.png,33,3,1.0
ratings_621405.csv,621405,2171.0,../../images/project_ratings/im35.png,35,2,1.0
ratings_621405.csv,621405,2102.0,../../images/project_ratings/im40.png,40,2,3.0
ratings_621405.csv,621405,3026.0,../../images/project_ratings/im27.png,27,4,2.0
ratings_621405.csv,621405,2457.0,../../images/project_ratings/im24.png,24,1,1.0
ratings_621405.csv,621405,3605.0,../../images/project_ratings/im53.png,53,3,3.0
ratings_621405.csv,621405,2976.0,../../images/project_ratings/im46.png,46,1,1.0
ratings_621405.csv,621405,3645.0,../../images/project_ratings/im3.png,3,2,4.0
ratings_621405.csv,621405,2898.0,../../images/project_ratings/im26.png,26,4,3.0
ratings_621405.csv,621405,2102.0,../../images/project_ratings/im36.png,36,1,3.0
ratings_621405.csv,621405,2436.0,../../images/project_ratings/im21.png,21,2,2.0
ratings_621405.csv,621405,2873.0,../../images/project_ratings/im10.png,10,4,3.0
ratings_621405.csv,621405,6118.0,../../images/project_ratings/im52.png,52,3,2.0
ratings_621405.csv,621405,2696.0,../../images/project_ratings/im19.png,19,4,3.0
ratings_621405.csv,621405,2692.0,../../images/project_ratings/im42.png,42,2,2.0
ratings_621405.csv,621405,1998.0,../../images/project_ratings/im56.png,56,3,3.0
ratings_621405.csv,621405,5516.0,../../images/project_ratings/im17.png,17,1,2.0
ratings_621405.csv,621405,4206.0,../../images/project_ratings/im31.png,31,2,4.0
ratings_621405.csv,621405,3266.0,../../images/project_ratings/im49.png,49,2,3.0
ratings_621405.csv,621405,2858.0,../../images/project_ratings/im32.png,32,1,2.0
ratings_621405.csv,621405,3077.0,../../images/project_ratings/im47.png,47,1,1.0
ratings_621405.csv,621405,2092.0,../../images/project_ratings/im38.png,38,2,1.0
ratings_621405.csv,621405,1747.0,../../images/project_ratings/im55.png,55,3,3.0
ratings_621405.csv,621405,5285.0,../../images/project_ratings/im13.png,13,3,3.0
ratings_621405.csv,621405,2821.0,../../images/project_ratings/im22.png,22,1,3.0
ratings_621405.csv,621405,2986.0,../../images/project_ratings/im51.png,51,3,2.0
ratings_621405.csv,621405,2446.0,../../images/project_ratings/im30.png,30,3,2.0
ratings_621405.csv,621405,2002.0,../../images/project_ratings/im34.png,34,1,1.0
ratings_621405.csv,621405,2081.0,../../images/project_ratings/im23.png,23,4,1.0
ratings_621405.csv,621405,3791.0,../../images/project_ratings/im4.png,4,4,2.0
ratings_621405.csv,621405,2904.0,../../images/project_ratings/im14.png,14,3,1.0
ratings_621405.csv,621405,2054.0,../../images/project_ratings/im29.png,29,2,3.0
ratings_621405.csv,621405,1901.0,../../images/project_ratings/im28.png,28,3,3.0
ratings_621405.csv,621405,2024.0,../../images/project_ratings/im54.png,54,2,2.0
ratings_621405.csv,621405,2530.0,../../images/project_ratings/im58.png,58,2,4.0
ratings_621405.csv,621405,2711.0,../../images/project_ratings/im18.png,18,2,5.0
ratings_621405.csv,621405,1663.0,../../images/project_ratings/im59.png,59,1,3.0
ratings_621405.csv,621405,3165.0,../../images/project_ratings/im20.png,20,2,1.0
ratings_621405.csv,621405,2470.0,../../images/project_ratings/im25.png,25,1,4.0
ratings_621405.csv,621405,2980.0,../../images/project_ratings/im6.png,6,4,2.0
ratings_621405.csv,621405,1546.0,../../images/project_ratings/im45.png,45,2,4.0
ratings_621405.csv,621405,2682.0,../../images/project_ratings/im7.png,7,3,3.0
ratings_621405.csv,621405,2304.0,../../images/project_ratings/im57.png,57,3,3.0
ratings_621405.csv,621405,3996.0,../../images/project_ratings/im1.png,1,4,3.0
ratings_621405.csv,621405,2367.0,../../images/project_ratings/im16.png,16,4,4.0
ratings_621405.csv,621405,3214.0,../../images/project_ratings/im0.png,0,1,1.0
ratings_621405.csv,621405,2990.0,../../images/project_ratings/im15.png,15,3,4.0
ratings_621405.csv,621405,1869.0,../../images/project_ratings/im5.png,5,1,4.0
ratings_621405.csv,621405,3374.0,../../images/project_ratings/im11.png,11,2,3.0
ratings_621405.csv,621405,1608.0,../../images/project_ratings/im9.png,9,2,2.0
ratings_621405.csv,621405,2243.0,../../images/project_ratings/im8.png,8,4,5.0
ratings_621405.csv,621405,1784.0,../../images/project_ratings/im12.png,12,2,4.0
ratings_621405.csv,621405,4336.0,../../images/project_ratings/im43.png,43,3,3.0
ratings_621405.csv,621405,3009.0,../../images/project_ratings/im37.png,37,3,4.0
ratings_193899.csv,193899,2641.7999999523163,../../images/project_ratings/im39.png,39,4,2.0
ratings_193899.csv,193899,4498.5,../../images/project_ratings/im41.png,41,4,3.0
ratings_193899.csv,193899,1940.5,../../images/project_ratings/im2.png,2,4,3.0
ratings_193899.csv,193899,3023.700000047684,../../images/project_ratings/im48.png,48,3,2.0
ratings_193899.csv,193899,1965.6000001430511,../../images/project_ratings/im50.png,50,4,3.0
ratings_193899.csv,193899,2354.600000143051,../../images/project_ratings/im44.png,44,1,4.0
ratings_193899.csv,193899,3350.200000047684,../../images/project_ratings/im33.png,33,1,2.0
ratings_193899.csv,193899,1231.1999998092651,../../images/project_ratings/im35.png,35,1,2.0
ratings_193899.csv,193899,2095.7999999523163,../../images/project_ratings/im40.png,40,3,2.0
ratings_193899.csv,193899,1809.9000000953677,../../images/project_ratings/im27.png,27,1,2.0
ratings_193899.csv,193899,1361.4000000953674,../../images/project_ratings/im24.png,24,4,2.0
ratings_193899.csv,193899,3252.899999856949,../../images/project_ratings/im53.png,53,2,1.0
ratings_193899.csv,193899,3357.599999904633,../../images/project_ratings/im46.png,46,2,2.0
ratings_193899.csv,193899,3709.600000143051,../../images/project_ratings/im3.png,3,4,3.0
ratings_193899.csv,193899,2224.9000000953674,../../images/project_ratings/im26.png,26,3,2.0
ratings_193899.csv,193899,2243.199999809265,../../images/project_ratings/im36.png,36,4,2.0
ratings_193899.csv,193899,2051.7999999523163,../../images/project_ratings/im21.png,21,2,3.0
ratings_193899.csv,193899,3774.899999856949,../../images/project_ratings/im10.png,10,3,4.0
ratings_193899.csv,193899,3229.4000000953674,../../images/project_ratings/im52.png,52,1,2.0
ratings_193899.csv,193899,3773.800000190735,../../images/project_ratings/im19.png,19,2,4.0
ratings_193899.csv,193899,1622.2999999523165,../../images/project_ratings/im42.png,42,1,3.0
ratings_193899.csv,193899,1532.4000000953674,../../images/project_ratings/im56.png,56,3,2.0
ratings_193899.csv,193899,2389.899999856949,../../images/project_ratings/im17.png,17,1,2.0
ratings_193899.csv,193899,1816.6000001430511,../../images/project_ratings/im31.png,31,2,1.0
ratings_193899.csv,193899,1248.7999999523165,../../images/project_ratings/im49.png,49,2,3.0
ratings_193899.csv,193899,2485.4000000953674,../../images/project_ratings/im32.png,32,2,1.0
ratings_193899.csv,193899,2798.399999856949,../../images/project_ratings/im47.png,47,3,1.0
ratings_193899.csv,193899,1239.2999999523165,../../images/project_ratings/im38.png,38,4,1.0
ratings_193899.csv,193899,1882.9000000953677,../../images/project_ratings/im55.png,55,2,1.0
ratings_193899.csv,193899,1826.0,../../images/project_ratings/im13.png,13,2,2.0
ratings_193899.csv,193899,1500.7000000476835,../../images/project_ratings/im22.png,22,3,2.0
ratings_193899.csv,193899,1697.5,../../images/project_ratings/im51.png,51,3,4.0
ratings_193899.csv,193899,2030.3999998569489,../../images/project_ratings/im30.png,30,3,2.0
ratings_193899.csv,193899,2755.600000143051,../../images/project_ratings/im34.png,34,4,2.0
ratings_193899.csv,193899,2102.800000190735,../../images/project_ratings/im23.png,23,1,3.0
ratings_193899.csv,193899,1467.8999998569489,../../images/project_ratings/im4.png,4,3,2.0
ratings_193899.csv,193899,1631.0999999046326,../../images/project_ratings/im14.png,14,1,2.0
ratings_193899.csv,193899,2073.399999856949,../../images/project_ratings/im29.png,29,4,2.0
ratings_193899.csv,193899,1099.8999998569489,../../images/project_ratings/im28.png,28,4,2.0
ratings_193899.csv,193899,1834.7999999523165,../../images/project_ratings/im54.png,54,4,2.0
ratings_193899.csv,193899,1803.7999999523165,../../images/project_ratings/im58.png,58,2,3.0
ratings_193899.csv,193899,2142.5,../../images/project_ratings/im18.png,18,4,2.0
ratings_193899.csv,193899,1425.3999998569489,../../images/project_ratings/im59.png,59,1,2.0
ratings_193899.csv,193899,1434.8000001907349,../../images/project_ratings/im20.png,20,1,2.0
ratings_193899.csv,193899,1687.3000001907349,../../images/project_ratings/im25.png,25,4,2.0
ratings_193899.csv,193899,1263.7000000476835,../../images/project_ratings/im6.png,6,1,2.0
ratings_193899.csv,193899,3172.700000047684,../../images/project_ratings/im45.png,45,4,4.0
ratings_193899.csv,193899,2178.100000143051,../../images/project_ratings/im7.png,7,1,3.0
ratings_193899.csv,193899,1344.2000000476835,../../images/project_ratings/im57.png,57,2,1.0
ratings_193899.csv,193899,4321.299999952316,../../images/project_ratings/im1.png,1,2,1.0
ratings_193899.csv,193899,2322.0,../../images/project_ratings/im16.png,16,4,1.0
ratings_193899.csv,193899,1387.9000000953674,../../images/project_ratings/im0.png,0,3,1.0
ratings_193899.csv,193899,1533.0,../../images/project_ratings/im15.png,15,4,1.0
ratings_193899.csv,193899,1746.0,../../images/project_ratings/im5.png,5,3,2.0
ratings_193899.csv,193899,2633.2999999523163,../../images/project_ratings/im11.png,11,3,2.0
ratings_193899.csv,193899,2428.5,../../images/project_ratings/im9.png,9,1,2.0
ratings_193899.csv,193899,2005.4000000953677,../../images/project_ratings/im8.png,8,4,3.0
ratings_193899.csv,193899,1516.0999999046326,../../images/project_ratings/im12.png,12,4,3.0
ratings_193899.csv,193899,1248.7000000476835,../../images/project_ratings/im43.png,43,1,4.0
ratings_193899.csv,193899,3049.5,../../images/project_ratings/im37.png,37,4,2.0
ratings_831693.csv,831693,3452.10000000149,../../images/project_ratings/im39.png,39,4,2.0
ratings_831693.csv,831693,2322.10000000149,../../images/project_ratings/im41.png,41,3,2.0
ratings_831693.csv,831693,2306.10000000149,../../images/project_ratings/im2.png,2,2,1.0
ratings_831693.csv,831693,2307.10000000149,../../images/project_ratings/im48.png,48,4,1.0
ratings_831693.csv,831693,2755.89999999851,../../images/project_ratings/im50.png,50,3,2.0
ratings_831693.csv,831693,3257.0,../../images/project_ratings/im44.png,44,1,1.0
ratings_831693.csv,831693,2374.70000000298,../../images/project_ratings/im33.png,33,3,2.0
ratings_831693.csv,831693,2721.60000000149,../../images/project_ratings/im35.png,35,2,2.0
ratings_831693.csv,831693,1788.39999999851,../../images/project_ratings/im40.png,40,2,2.0
ratings_831693.csv,831693,2155.5999999940395,../../images/project_ratings/im27.png,27,4,1.0
ratings_831693.csv,831693,2089.60000000149,../../images/project_ratings/im24.png,24,3,1.0
ratings_831693.csv,831693,2353.89999999851,../../images/project_ratings/im53.png,53,4,2.0
ratings_831693.csv,831693,1872.8999999985097,../../images/project_ratings/im46.png,46,3,1.0
ratings_831693.csv,831693,4091.20000000298,../../images/project_ratings/im3.png,3,2,1.0
ratings_831693.csv,831693,2174.20000000298,../../images/project_ratings/im26.png,26,2,2.0
ratings_831693.csv,831693,1473.10000000149,../../images/project_ratings/im36.png,36,2,2.0
ratings_831693.csv,831693,2440.60000000149,../../images/project_ratings/im21.png,21,1,2.0
ratings_831693.csv,831693,2305.70000000298,../../images/project_ratings/im10.png,10,3,1.0
ratings_831693.csv,831693,1840.60000000149,../../images/project_ratings/im52.png,52,1,1.0
ratings_831693.csv,831693,2040.0,../../images/project_ratings/im19.png,19,2,2.0
ratings_831693.csv,831693,2072.10000000149,../../images/project_ratings/im42.png,42,3,1.0
ratings_831693.csv,831693,2506.20000000298,../../images/project_ratings/im56.png,56,2,2.0
ratings_831693.csv,831693,3239.10000000149,../../images/project_ratings/im17.png,17,4,1.0
ratings_831693.csv,831693,2255.4000000059605,../../images/project_ratings/im31.png,31,1,1.0
ratings_831693.csv,831693,1689.5999999940395,../../images/project_ratings/im49.png,49,1,1.0
ratings_831693.csv,831693,2306.60000000149,../../images/project_ratings/im32.png,32,2,1.0
ratings_831693.csv,831693,2156.29999999702,../../images/project_ratings/im47.png,47,3,1.0
ratings_831693.csv,831693,1622.5,../../images/project_ratings/im38.png,38,2,1.0
ratings_831693.csv,831693,1822.60000000149,../../images/project_ratings/im55.png,55,3,1.0
ratings_831693.csv,831693,1772.5999999940395,../../images/project_ratings/im13.png,13,4,2.0
ratings_831693.csv,831693,2004.79999999702,../../images/project_ratings/im22.png,22,3,2.0
ratings_831693.csv,831693,1741.0,../../images/project_ratings/im51.png,51,2,1.0
ratings_831693.csv,831693,3040.39999999851,../../images/project_ratings/im30.png,30,2,2.0
ratings_831693.csv,831693,3272.5,../../images/project_ratings/im34.png,34,4,2.0
ratings_831693.csv,831693,1856.70000000298,../../images/project_ratings/im23.png,23,1,2.0
ratings_831693.csv,831693,1907.8999999985097,../../images/project_ratings/im4.png,4,1,2.0
ratings_831693.csv,831693,2141.39999999851,../../images/project_ratings/im14.png,14,2,3.0
ratings_831693.csv,831693,2406.0,../../images/project_ratings/im29.png,29,3,3.0
ratings_831693.csv,831693,3188.5,../../images/project_ratings/im28.png,28,3,1.0
ratings_831693.csv,831693,3706.0,../../images/project_ratings/im54.png,54,4,3.0
ratings_831693.csv,831693,2273.0,../../images/project_ratings/im58.png,58,4,2.0
ratings_831693.csv,831693,3222.60000000149,../../images/project_ratings/im18.png,18,3,2.0
ratings_831693.csv,831693,1925.5,../../images/project_ratings/im59.png,59,4,1.0
ratings_831693.csv,831693,3106.8000000044703,../../images/project_ratings/im20.png,20,4,4.0
ratings_831693.csv,831693,1673.6999999955297,../../images/project_ratings/im25.png,25,4,3.0
ratings_831693.csv,831693,2504.89999999851,../../images/project_ratings/im6.png,6,3,2.0
ratings_831693.csv,831693,2105.6999999955297,../../images/project_ratings/im45.png,45,2,2.0
ratings_831693.csv,831693,2239.70000000298,../../images/project_ratings/im7.png,7,2,1.0
ratings_831693.csv,831693,2171.79999999702,../../images/project_ratings/im57.png,57,4,1.0
ratings_831693.csv,831693,2288.5,../../images/project_ratings/im1.png,1,2,3.0
ratings_831693.csv,831693,2490.3000000044703,../../images/project_ratings/im16.png,16,4,2.0
ratings_831693.csv,831693,3420.89999999851,../../images/project_ratings/im0.png,0,3,3.0
ratings_831693.csv,831693,2424.20000000298,../../images/project_ratings/im15.png,15,3,3.0
ratings_831693.csv,831693,2623.0,../../images/project_ratings/im5.png,5,2,2.0
ratings_831693.csv,831693,3607.5,../../images/project_ratings/im11.png,11,1,4.0
ratings_831693.csv,831693,3607.29999999702,../../images/project_ratings/im9.png,9,4,2.0
ratings_831693.csv,831693,2556.0,../../images/project_ratings/im8.png,8,2,3.0
ratings_831693.csv,831693,3790.8000000044703,../../images/project_ratings/im12.png,12,4,4.0
ratings_831693.csv,831693,2410.5,../../images/project_ratings/im43.png,43,2,1.0
ratings_831693.csv,831693,1906.60000000149,../../images/project_ratings/im37.png,37,2,1.0
ratings_983856.csv,983856,6248.099999964237,../../images/project_ratings/im39.png,39,2,2.0
ratings_983856.csv,983856,3409.399999976158,../../images/project_ratings/im41.png,41,3,4.0
ratings_983856.csv,983856,2336.599999964237,../../images/project_ratings/im2.png,2,4,4.0
ratings_983856.csv,983856,4017.699999988079,../../images/project_ratings/im48.png,48,1,4.0
ratings_983856.csv,983856,2385.700000047684,../../images/project_ratings/im50.png,50,1,2.0
ratings_983856.csv,983856,4173.700000047684,../../images/project_ratings/im44.png,44,4,3.0
ratings_983856.csv,983856,3518.699999988079,../../images/project_ratings/im33.png,33,3,5.0
ratings_983856.csv,983856,4604.399999976158,../../images/project_ratings/im35.png,35,2,5.0
ratings_983856.csv,983856,2582.199999988079,../../images/project_ratings/im40.png,40,3,4.0
ratings_983856.csv,983856,2067.2999999523163,../../images/project_ratings/im27.png,27,1,4.0
ratings_983856.csv,983856,2444.300000011921,../../images/project_ratings/im24.png,24,3,2.0
ratings_983856.csv,983856,3517.300000011921,../../images/project_ratings/im53.png,53,4,3.0
ratings_983856.csv,983856,2058.099999964237,../../images/project_ratings/im46.png,46,4,3.0
ratings_983856.csv,983856,2551.399999976158,../../images/project_ratings/im3.png,3,3,5.0
ratings_983856.csv,983856,2499.5,../../images/project_ratings/im26.png,26,2,5.0
ratings_983856.csv,983856,4142.700000047684,../../images/project_ratings/im36.png,36,2,3.0
ratings_983856.csv,983856,2962.800000011921,../../images/project_ratings/im21.png,21,4,2.0
ratings_983856.csv,983856,2716.5,../../images/project_ratings/im10.png,10,1,5.0
ratings_983856.csv,983856,4778.599999964237,../../images/project_ratings/im52.png,52,2,2.0
ratings_983856.csv,983856,2893.599999964237,../../images/project_ratings/im19.png,19,1,4.0
ratings_983856.csv,983856,5777.300000011921,../../images/project_ratings/im42.png,42,4,5.0
ratings_983856.csv,983856,2990.899999976158,../../images/project_ratings/im56.png,56,1,3.0
ratings_983856.csv,983856,1618.899999976158,../../images/project_ratings/im17.png,17,1,5.0
ratings_983856.csv,983856,2137.199999988079,../../images/project_ratings/im31.png,31,1,4.0
ratings_983856.csv,983856,2658.5,../../images/project_ratings/im49.png,49,4,3.0
ratings_983856.csv,983856,2065.100000023842,../../images/project_ratings/im32.png,32,1,3.0
ratings_983856.csv,983856,2173.600000023842,../../images/project_ratings/im47.png,47,3,3.0
ratings_983856.csv,983856,2595.5,../../images/project_ratings/im38.png,38,4,3.0
ratings_983856.csv,983856,1917.5999999642368,../../images/project_ratings/im55.png,55,3,4.0
ratings_983856.csv,983856,3095.599999964237,../../images/project_ratings/im13.png,13,4,5.0
ratings_983856.csv,983856,2904.199999988079,../../images/project_ratings/im22.png,22,3,4.0
ratings_983856.csv,983856,3807.0,../../images/project_ratings/im51.png,51,2,4.0
ratings_983856.csv,983856,1765.600000023842,../../images/project_ratings/im30.png,30,1,3.0
ratings_983856.csv,983856,1913.399999976158,../../images/project_ratings/im34.png,34,3,2.0
ratings_983856.csv,983856,2961.300000011921,../../images/project_ratings/im23.png,23,1,3.0
ratings_983856.csv,983856,3118.399999976158,../../images/project_ratings/im4.png,4,1,5.0
ratings_983856.csv,983856,3468.800000011921,../../images/project_ratings/im14.png,14,1,4.0
ratings_983856.csv,983856,2634.199999988079,../../images/project_ratings/im29.png,29,2,3.0
ratings_983856.csv,983856,2240.599999964237,../../images/project_ratings/im28.png,28,3,2.0
ratings_983856.csv,983856,2493.400000035763,../../images/project_ratings/im54.png,54,1,4.0
ratings_983856.csv,983856,2292.7999999523163,../../images/project_ratings/im58.png,58,1,3.0
ratings_983856.csv,983856,2023.199999988079,../../images/project_ratings/im18.png,18,4,3.0
ratings_983856.csv,983856,1766.0,../../images/project_ratings/im59.png,59,1,3.0
ratings_983856.csv,983856,2731.899999976158,../../images/project_ratings/im20.png,20,3,3.0
ratings_983856.csv,983856,3099.199999988079,../../images/project_ratings/im25.png,25,2,5.0
ratings_983856.csv,983856,2012.5999999642368,../../images/project_ratings/im6.png,6,3,2.0
ratings_983856.csv,983856,4429.0,../../images/project_ratings/im45.png,45,3,5.0
ratings_983856.csv,983856,4226.100000023842,../../images/project_ratings/im7.png,7,4,2.0
ratings_983856.csv,983856,4214.900000035763,../../images/project_ratings/im57.png,57,4,5.0
ratings_983856.csv,983856,2416.800000011921,../../images/project_ratings/im1.png,1,1,4.0
ratings_983856.csv,983856,5321.100000023842,../../images/project_ratings/im16.png,16,1,4.0
ratings_983856.csv,983856,4081.0,../../images/project_ratings/im0.png,0,1,4.0
ratings_983856.csv,983856,2228.699999988079,../../images/project_ratings/im15.png,15,4,5.0
ratings_983856.csv,983856,1904.700000047684,../../images/project_ratings/im5.png,5,2,4.0
ratings_983856.csv,983856,2277.699999988079,../../images/project_ratings/im11.png,11,1,4.0
ratings_983856.csv,983856,2882.100000023842,../../images/project_ratings/im9.png,9,3,4.0
ratings_983856.csv,983856,2560.099999964237,../../images/project_ratings/im8.png,8,3,5.0
ratings_983856.csv,983856,4303.0,../../images/project_ratings/im12.png,12,2,2.0
ratings_983856.csv,983856,2006.300000011921,../../images/project_ratings/im43.png,43,1,3.0
ratings_983856.csv,983856,1792.300000011921,../../images/project_ratings/im37.png,37,2,3.0
ratings_724112.csv,724112,2639.9000000059605,../../images/project_ratings/im39.png,39,1,1.0
ratings_724112.csv,724112,2255.5,../../images/project_ratings/im41.png,41,2,3.0
ratings_724112.csv,724112,2705.0,../../images/project_ratings/im2.png,2,3,4.0
ratings_724112.csv,724112,1460.5,../../images/project_ratings/im48.png,48,4,1.0
ratings_724112.csv,724112,1914.20000000298,../../images/project_ratings/im50.png,50,1,1.0
ratings_724112.csv,724112,1967.20000000298,../../images/project_ratings/im44.png,44,3,2.0
ratings_724112.csv,724112,1690.3999999910593,../../images/project_ratings/im33.png,33,4,1.0
ratings_724112.csv,724112,1940.6000000089407,../../images/project_ratings/im35.png,35,4,1.0
ratings_724112.csv,724112,1465.7000000029802,../../images/project_ratings/im40.png,40,4,1.0
ratings_724112.csv,724112,1951.800000011921,../../images/project_ratings/im27.png,27,2,1.0
ratings_724112.csv,724112,1593.2000000029802,../../images/project_ratings/im24.png,24,2,1.0
ratings_724112.csv,724112,2045.0,../../images/project_ratings/im53.png,53,4,1.0
ratings_724112.csv,724112,1857.9000000059605,../../images/project_ratings/im46.png,46,4,1.0
ratings_724112.csv,724112,3186.70000000298,../../images/project_ratings/im3.png,3,3,1.0
ratings_724112.csv,724112,1735.8999999910593,../../images/project_ratings/im26.png,26,2,1.0
ratings_724112.csv,724112,1837.20000000298,../../images/project_ratings/im36.png,36,4,2.0
ratings_724112.csv,724112,1843.79999999702,../../images/project_ratings/im21.png,21,2,1.0
ratings_724112.csv,724112,1760.3999999910593,../../images/project_ratings/im10.png,10,1,1.0
ratings_724112.csv,724112,1560.8999999910593,../../images/project_ratings/im52.png,52,1,1.0
ratings_724112.csv,724112,1334.0999999940395,../../images/project_ratings/im19.png,19,2,1.0
ratings_724112.csv,724112,1894.70000000298,../../images/project_ratings/im42.png,42,2,1.0
ratings_724112.csv,724112,1470.3999999910593,../../images/project_ratings/im56.png,56,3,2.0
ratings_724112.csv,724112,1833.4000000059605,../../images/project_ratings/im17.png,17,2,1.0
ratings_724112.csv,724112,3142.20000000298,../../images/project_ratings/im31.png,31,4,1.0
ratings_724112.csv,724112,2529.300000011921,../../images/project_ratings/im49.png,49,1,1.0
ratings_724112.csv,724112,1492.300000011921,../../images/project_ratings/im32.png,32,1,1.0
ratings_724112.csv,724112,1694.3999999910593,../../images/project_ratings/im47.png,47,4,1.0
ratings_724112.csv,724112,1744.0,../../images/project_ratings/im38.png,38,2,1.0
ratings_724112.csv,724112,2417.300000011921,../../images/project_ratings/im55.png,55,3,1.0
ratings_724112.csv,724112,1586.800000011921,../../images/project_ratings/im13.png,13,2,1.0
ratings_724112.csv,724112,2085.29999999702,../../images/project_ratings/im22.png,22,2,1.0
ratings_724112.csv,724112,1931.29999999702,../../images/project_ratings/im51.png,51,3,1.0
ratings_724112.csv,724112,1608.0,../../images/project_ratings/im30.png,30,3,1.0
ratings_724112.csv,724112,1362.7000000029802,../../images/project_ratings/im34.png,34,4,1.0
ratings_724112.csv,724112,2276.8999999910598,../../images/project_ratings/im23.png,23,1,2.0
ratings_724112.csv,724112,2426.0,../../images/project_ratings/im4.png,4,1,1.0
ratings_724112.csv,724112,2125.1000000089407,../../images/project_ratings/im14.png,14,4,1.0
ratings_724112.csv,724112,1884.29999999702,../../images/project_ratings/im29.png,29,2,1.0
ratings_724112.csv,724112,1537.2999999970198,../../images/project_ratings/im28.png,28,3,1.0
ratings_724112.csv,724112,3681.0,../../images/project_ratings/im54.png,54,4,1.0
ratings_724112.csv,724112,3611.5,../../images/project_ratings/im58.png,58,3,1.0
ratings_724112.csv,724112,2335.6000000089407,../../images/project_ratings/im18.png,18,2,2.0
ratings_724112.csv,724112,1962.70000000298,../../images/project_ratings/im59.png,59,4,1.0
ratings_724112.csv,724112,1721.5,../../images/project_ratings/im20.png,20,2,1.0
ratings_724112.csv,724112,4210.699999988079,../../images/project_ratings/im25.png,25,4,1.0
ratings_724112.csv,724112,1646.300000011921,../../images/project_ratings/im6.png,6,4,1.0
ratings_724112.csv,724112,1417.7999999970198,../../images/project_ratings/im45.png,45,3,1.0
ratings_724112.csv,724112,2454.9000000059605,../../images/project_ratings/im7.png,7,3,1.0
ratings_724112.csv,724112,1423.7999999970198,../../images/project_ratings/im57.png,57,4,1.0
ratings_724112.csv,724112,1940.5,../../images/project_ratings/im1.png,1,4,1.0
ratings_724112.csv,724112,3146.199999988079,../../images/project_ratings/im16.png,16,2,2.0
ratings_724112.csv,724112,2237.79999999702,../../images/project_ratings/im0.png,0,2,1.0
ratings_724112.csv,724112,1789.2000000029802,../../images/project_ratings/im15.png,15,2,1.0
ratings_724112.csv,724112,1781.7000000029802,../../images/project_ratings/im5.png,5,4,1.0
ratings_724112.csv,724112,1833.8999999910595,../../images/project_ratings/im11.png,11,2,1.0
ratings_724112.csv,724112,2200.6000000089407,../../images/project_ratings/im9.png,9,2,1.0
ratings_724112.csv,724112,2806.5999999940395,../../images/project_ratings/im8.png,8,4,1.0
ratings_724112.csv,724112,2151.6000000089407,../../images/project_ratings/im12.png,12,2,1.0
ratings_724112.csv,724112,1423.0999999940395,../../images/project_ratings/im43.png,43,3,1.0
ratings_724112.csv,724112,2196.4000000059605,../../images/project_ratings/im37.png,37,2,1.0
ratings_242868.csv,242868,4572.0,../../images/project_ratings/im39.png,39,3,1.0
ratings_242868.csv,242868,2305.0,../../images/project_ratings/im41.png,41,1,2.0
ratings_242868.csv,242868,1846.0,../../images/project_ratings/im2.png,2,4,1.0
ratings_242868.csv,242868,3683.999999999997,../../images/project_ratings/im48.png,48,2,4.0
ratings_242868.csv,242868,2478.0,../../images/project_ratings/im50.png,50,4,3.0
ratings_242868.csv,242868,1921.0,../../images/project_ratings/im44.png,44,3,2.0
ratings_242868.csv,242868,3580.0,../../images/project_ratings/im33.png,33,2,2.0
ratings_242868.csv,242868,1859.0,../../images/project_ratings/im35.png,35,3,1.0
ratings_242868.csv,242868,1668.0,../../images/project_ratings/im40.png,40,3,1.0
ratings_242868.csv,242868,2111.0,../../images/project_ratings/im27.png,27,2,1.0
ratings_242868.csv,242868,2044.0,../../images/project_ratings/im24.png,24,2,2.0
ratings_242868.csv,242868,2893.0,../../images/project_ratings/im53.png,53,4,3.0
ratings_242868.csv,242868,2090.0,../../images/project_ratings/im46.png,46,1,1.0
ratings_242868.csv,242868,2046.9999999999927,../../images/project_ratings/im3.png,3,4,2.0
ratings_242868.csv,242868,2466.0,../../images/project_ratings/im26.png,26,4,2.0
ratings_242868.csv,242868,1878.0,../../images/project_ratings/im36.png,36,1,1.0
ratings_242868.csv,242868,2054.0,../../images/project_ratings/im21.png,21,3,1.0
ratings_242868.csv,242868,2363.0,../../images/project_ratings/im10.png,10,4,3.0
ratings_242868.csv,242868,3168.0,../../images/project_ratings/im52.png,52,4,2.0
ratings_242868.csv,242868,2875.0,../../images/project_ratings/im19.png,19,1,5.0
ratings_242868.csv,242868,1741.0,../../images/project_ratings/im42.png,42,3,2.0
ratings_242868.csv,242868,1487.0,../../images/project_ratings/im56.png,56,3,2.0
ratings_242868.csv,242868,2385.0,../../images/project_ratings/im17.png,17,2,4.0
ratings_242868.csv,242868,1735.9999999999854,../../images/project_ratings/im31.png,31,4,2.0
ratings_242868.csv,242868,1557.0,../../images/project_ratings/im49.png,49,3,1.0
ratings_242868.csv,242868,4825.0,../../images/project_ratings/im32.png,32,3,2.0
ratings_242868.csv,242868,4374.0,../../images/project_ratings/im47.png,47,4,3.0
ratings_242868.csv,242868,4231.0,../../images/project_ratings/im38.png,38,3,2.0
ratings_242868.csv,242868,1892.0,../../images/project_ratings/im55.png,55,4,2.0
ratings_242868.csv,242868,2057.000000000029,../../images/project_ratings/im13.png,13,2,3.0
ratings_242868.csv,242868,2164.999999999971,../../images/project_ratings/im22.png,22,2,3.0
ratings_242868.csv,242868,1590.0,../../images/project_ratings/im51.png,51,3,4.0
ratings_242868.csv,242868,2171.0,../../images/project_ratings/im30.png,30,3,2.0
ratings_242868.csv,242868,2229.0,../../images/project_ratings/im34.png,34,2,1.0
ratings_242868.csv,242868,1604.0,../../images/project_ratings/im23.png,23,1,4.0
ratings_242868.csv,242868,1928.000000000029,../../images/project_ratings/im4.png,4,1,1.0
ratings_242868.csv,242868,1911.0,../../images/project_ratings/im14.png,14,2,2.0
ratings_242868.csv,242868,3961.999999999971,../../images/project_ratings/im29.png,29,2,4.0
ratings_242868.csv,242868,1328.0,../../images/project_ratings/im28.png,28,3,2.0
ratings_242868.csv,242868,1973.000000000029,../../images/project_ratings/im54.png,54,2,2.0
ratings_242868.csv,242868,2079.0,../../images/project_ratings/im58.png,58,4,4.0
ratings_242868.csv,242868,3060.0,../../images/project_ratings/im18.png,18,3,3.0
ratings_242868.csv,242868,1901.000000000029,../../images/project_ratings/im59.png,59,2,1.0
ratings_242868.csv,242868,2166.0,../../images/project_ratings/im20.png,20,2,1.0
ratings_242868.csv,242868,1823.0,../../images/project_ratings/im25.png,25,4,2.0
ratings_242868.csv,242868,2102.0,../../images/project_ratings/im6.png,6,3,2.0
ratings_242868.csv,242868,1497.0,../../images/project_ratings/im45.png,45,3,2.0
ratings_242868.csv,242868,1488.999999999971,../../images/project_ratings/im7.png,7,4,4.0
ratings_242868.csv,242868,3765.999999999971,../../images/project_ratings/im57.png,57,2,3.0
ratings_242868.csv,242868,3946.000000000029,../../images/project_ratings/im1.png,1,1,3.0
ratings_242868.csv,242868,4106.0,../../images/project_ratings/im16.png,16,1,3.0
ratings_242868.csv,242868,2596.000000000029,../../images/project_ratings/im0.png,0,3,1.0
ratings_242868.csv,242868,1667.0,../../images/project_ratings/im15.png,15,3,1.0
ratings_242868.csv,242868,2349.0,../../images/project_ratings/im5.png,5,4,5.0
ratings_242868.csv,242868,2621.000000000029,../../images/project_ratings/im11.png,11,3,4.0
ratings_242868.csv,242868,1483.000000000029,../../images/project_ratings/im9.png,9,3,1.0
ratings_242868.csv,242868,1589.0,../../images/project_ratings/im8.png,8,3,5.0
ratings_242868.csv,242868,2295.0,../../images/project_ratings/im12.png,12,4,4.0
ratings_242868.csv,242868,5033.000000000029,../../images/project_ratings/im43.png,43,3,2.0
ratings_242868.csv,242868,1876.0,../../images/project_ratings/im37.png,37,1,1.0
ratings_438997.csv,438997,,../../images/project_ratings/im39.png,39,4,
ratings_438997.csv,438997,5328.900000095367,../../images/project_ratings/im41.png,41,2,2.0
ratings_438997.csv,438997,4737.200000286102,../../images/project_ratings/im2.png,2,3,4.0
ratings_438997.csv,438997,2694.800000190735,../../images/project_ratings/im48.png,48,2,1.0
ratings_438997.csv,438997,2435.2000002861023,../../images/project_ratings/im50.png,50,2,1.0
ratings_438997.csv,438997,4147.200000286102,../../images/project_ratings/im44.png,44,2,4.0
ratings_438997.csv,438997,2862.0,../../images/project_ratings/im33.png,33,4,1.0
ratings_438997.csv,438997,5054.900000095367,../../images/project_ratings/im35.png,35,1,1.0
ratings_438997.csv,438997,2157.7999997138977,../../images/project_ratings/im40.png,40,2,1.0
ratings_438997.csv,438997,2439.699999809265,../../images/project_ratings/im27.png,27,4,1.0
ratings_438997.csv,438997,2675.800000190735,../../images/project_ratings/im24.png,24,4,1.0
ratings_438997.csv,438997,2235.8999996185303,../../images/project_ratings/im53.png,53,2,1.0
ratings_438997.csv,438997,2279.300000190735,../../images/project_ratings/im46.png,46,4,1.0
ratings_438997.csv,438997,2065.0,../../images/project_ratings/im3.png,3,2,1.0
ratings_438997.csv,438997,2926.199999809265,../../images/project_ratings/im26.png,26,2,1.0
ratings_438997.csv,438997,3467.9000000953674,../../images/project_ratings/im36.png,36,1,1.0
ratings_438997.csv,438997,3109.0,../../images/project_ratings/im21.png,21,1,1.0
ratings_438997.csv,438997,3931.199999809265,../../images/project_ratings/im10.png,10,1,1.0
ratings_438997.csv,438997,2766.199999809265,../../images/project_ratings/im52.png,52,1,1.0
ratings_438997.csv,438997,3075.300000190735,../../images/project_ratings/im19.png,19,3,1.0
ratings_438997.csv,438997,2413.5,../../images/project_ratings/im42.png,42,3,1.0
ratings_438997.csv,438997,2943.5,../../images/project_ratings/im56.png,56,3,1.0
ratings_438997.csv,438997,2302.3999996185303,../../images/project_ratings/im17.png,17,4,1.0
ratings_438997.csv,438997,2260.599999904633,../../images/project_ratings/im31.png,31,3,1.0
ratings_438997.csv,438997,2922.4000000953674,../../images/project_ratings/im49.png,49,1,2.0
ratings_438997.csv,438997,2057.599999904633,../../images/project_ratings/im32.png,32,4,1.0
ratings_438997.csv,438997,,../../images/project_ratings/im47.png,47,2,
ratings_438997.csv,438997,3878.699999809265,../../images/project_ratings/im38.png,38,1,1.0
ratings_438997.csv,438997,2427.4000000953674,../../images/project_ratings/im55.png,55,3,1.0
ratings_438997.csv,438997,2689.9000000953674,../../images/project_ratings/im13.png,13,4,1.0
ratings_438997.csv,438997,2474.5,../../images/project_ratings/im22.png,22,4,1.0
ratings_438997.csv,438997,2613.199999809265,../../images/project_ratings/im51.png,51,4,1.0
ratings_438997.csv,438997,3578.599999904633,../../images/project_ratings/im30.png,30,3,2.0
ratings_438997.csv,438997,2042.7999997138977,../../images/project_ratings/im34.png,34,2,1.0
ratings_438997.csv,438997,3831.400000095368,../../images/project_ratings/im23.png,23,2,1.0
ratings_438997.csv,438997,2687.800000190735,../../images/project_ratings/im4.png,4,3,1.0
ratings_438997.csv,438997,5554.400000095367,../../images/project_ratings/im14.png,14,3,1.0
ratings_438997.csv,438997,3551.199999809265,../../images/project_ratings/im29.png,29,1,1.0
ratings_438997.csv,438997,2952.2000002861023,../../images/project_ratings/im28.png,28,2,1.0
ratings_438997.csv,438997,2358.300000190735,../../images/project_ratings/im54.png,54,2,1.0
ratings_438997.csv,438997,2481.4000000953674,../../images/project_ratings/im58.png,58,1,1.0
ratings_438997.csv,438997,3234.0,../../images/project_ratings/im18.png,18,2,1.0
ratings_438997.csv,438997,2756.5,../../images/project_ratings/im59.png,59,1,1.0
ratings_438997.csv,438997,2371.599999904633,../../images/project_ratings/im20.png,20,3,1.0
ratings_438997.csv,438997,2520.199999809265,../../images/project_ratings/im25.png,25,3,1.0
ratings_438997.csv,438997,2218.9000000953674,../../images/project_ratings/im6.png,6,2,1.0
ratings_438997.csv,438997,4654.5,../../images/project_ratings/im45.png,45,2,1.0
ratings_438997.csv,438997,3069.9000000953674,../../images/project_ratings/im7.png,7,4,1.0
ratings_438997.csv,438997,2712.599999904633,../../images/project_ratings/im57.png,57,2,1.0
ratings_438997.csv,438997,2265.699999809265,../../images/project_ratings/im1.png,1,2,1.0
ratings_438997.csv,438997,2553.2000002861023,../../images/project_ratings/im16.png,16,3,1.0
ratings_438997.csv,438997,3013.599999904633,../../images/project_ratings/im0.png,0,3,2.0
ratings_438997.csv,438997,2288.4000000953674,../../images/project_ratings/im15.png,15,1,1.0
ratings_438997.csv,438997,4185.5,../../images/project_ratings/im5.png,5,1,1.0
ratings_438997.csv,438997,2099.599999904633,../../images/project_ratings/im11.png,11,2,1.0
ratings_438997.csv,438997,1996.199999809265,../../images/project_ratings/im9.png,9,3,1.0
ratings_438997.csv,438997,2326.7000002861023,../../images/project_ratings/im8.png,8,3,1.0
ratings_438997.csv,438997,2064.7000002861023,../../images/project_ratings/im12.png,12,4,1.0
ratings_438997.csv,438997,2010.9000000953677,../../images/project_ratings/im43.png,43,4,1.0
ratings_438997.csv,438997,2634.099999904633,../../images/project_ratings/im37.png,37,2,1.0
ratings_155649.csv,155649,4569.899999991059,../../images/project_ratings/im39.png,39,2,1.0
ratings_155649.csv,155649,1887.20000000298,../../images/project_ratings/im41.png,41,3,4.0
ratings_155649.csv,155649,5238.09999999404,../../images/project_ratings/im2.png,2,4,4.0
ratings_155649.csv,155649,4621.59999999404,../../images/project_ratings/im48.png,48,2,1.0
ratings_155649.csv,155649,2554.699999988079,../../images/project_ratings/im50.png,50,2,1.0
ratings_155649.csv,155649,2388.0999999940395,../../images/project_ratings/im44.png,44,3,5.0
ratings_155649.csv,155649,2405.79999999702,../../images/project_ratings/im33.png,33,2,1.0
ratings_155649.csv,155649,2122.9000000059605,../../images/project_ratings/im35.png,35,1,2.0
ratings_155649.csv,155649,1806.20000000298,../../images/project_ratings/im40.png,40,2,3.0
ratings_155649.csv,155649,4271.79999999702,../../images/project_ratings/im27.png,27,4,3.0
ratings_155649.csv,155649,3788.6000000089407,../../images/project_ratings/im24.png,24,2,1.0
ratings_155649.csv,155649,2172.4000000059605,../../images/project_ratings/im53.png,53,3,2.0
ratings_155649.csv,155649,2755.6000000089407,../../images/project_ratings/im46.png,46,2,1.0
ratings_155649.csv,155649,1972.70000000298,../../images/project_ratings/im3.png,3,3,2.0
ratings_155649.csv,155649,6974.0,../../images/project_ratings/im26.png,26,3,3.0
ratings_155649.csv,155649,1607.5,../../images/project_ratings/im36.png,36,3,4.0
ratings_155649.csv,155649,2606.29999999702,../../images/project_ratings/im21.png,21,1,1.0
ratings_155649.csv,155649,1672.7000000029802,../../images/project_ratings/im10.png,10,3,2.0
ratings_155649.csv,155649,6090.699999988079,../../images/project_ratings/im52.png,52,1,1.0
ratings_155649.csv,155649,4672.4000000059605,../../images/project_ratings/im19.png,19,1,2.0
ratings_155649.csv,155649,4589.29999999702,../../images/project_ratings/im42.png,42,3,2.0
ratings_155649.csv,155649,2137.20000000298,../../images/project_ratings/im56.png,56,1,2.0
ratings_155649.csv,155649,2390.20000000298,../../images/project_ratings/im17.png,17,1,1.0
ratings_155649.csv,155649,1657.2000000029802,../../images/project_ratings/im31.png,31,3,1.0
ratings_155649.csv,155649,1674.0999999940395,../../images/project_ratings/im49.png,49,2,2.0
ratings_155649.csv,155649,1904.699999988079,../../images/project_ratings/im32.png,32,3,2.0
ratings_155649.csv,155649,1757.3999999910593,../../images/project_ratings/im47.png,47,3,1.0
ratings_155649.csv,155649,1804.79999999702,../../images/project_ratings/im38.png,38,3,1.0
ratings_155649.csv,155649,6823.70000000298,../../images/project_ratings/im55.png,55,2,1.0
ratings_155649.csv,155649,3072.0999999940395,../../images/project_ratings/im13.png,13,2,3.0
ratings_155649.csv,155649,3223.5999999940395,../../images/project_ratings/im22.png,22,3,4.0
ratings_155649.csv,155649,1672.9000000059605,../../images/project_ratings/im51.png,51,3,4.0
ratings_155649.csv,155649,2741.0999999940395,../../images/project_ratings/im30.png,30,2,1.0
ratings_155649.csv,155649,1872.5,../../images/project_ratings/im34.png,34,2,1.0
ratings_155649.csv,155649,1857.800000011921,../../images/project_ratings/im23.png,23,4,2.0
ratings_155649.csv,155649,2208.0,../../images/project_ratings/im4.png,4,4,3.0
ratings_155649.csv,155649,1672.4000000059605,../../images/project_ratings/im14.png,14,2,1.0
ratings_155649.csv,155649,3455.0,../../images/project_ratings/im29.png,29,4,1.0
ratings_155649.csv,155649,1956.70000000298,../../images/project_ratings/im28.png,28,1,1.0
ratings_155649.csv,155649,1674.0,../../images/project_ratings/im54.png,54,2,1.0
ratings_155649.csv,155649,1720.699999988079,../../images/project_ratings/im58.png,58,3,2.0
ratings_155649.csv,155649,2439.79999999702,../../images/project_ratings/im18.png,18,3,4.0
ratings_155649.csv,155649,2607.6000000089407,../../images/project_ratings/im59.png,59,2,2.0
ratings_155649.csv,155649,1773.7999999970198,../../images/project_ratings/im20.png,20,1,1.0
ratings_155649.csv,155649,2487.79999999702,../../images/project_ratings/im25.png,25,4,1.0
ratings_155649.csv,155649,2189.20000000298,../../images/project_ratings/im6.png,6,4,1.0
ratings_155649.csv,155649,1488.3999999910593,../../images/project_ratings/im45.png,45,3,1.0
ratings_155649.csv,155649,1723.5,../../images/project_ratings/im7.png,7,4,1.0
ratings_155649.csv,155649,3057.3999999910598,../../images/project_ratings/im57.png,57,2,2.0
ratings_155649.csv,155649,1806.6000000089407,../../images/project_ratings/im1.png,1,4,2.0
ratings_155649.csv,155649,2240.29999999702,../../images/project_ratings/im16.png,16,1,1.0
ratings_155649.csv,155649,1623.7999999970198,../../images/project_ratings/im0.png,0,4,1.0
ratings_155649.csv,155649,2288.199999988079,../../images/project_ratings/im15.png,15,2,2.0
ratings_155649.csv,155649,1907.5999999940395,../../images/project_ratings/im5.png,5,1,4.0
ratings_155649.csv,155649,1838.699999988079,../../images/project_ratings/im11.png,11,3,3.0
ratings_155649.csv,155649,1572.5,../../images/project_ratings/im9.png,9,1,1.0
ratings_155649.csv,155649,1324.0,../../images/project_ratings/im8.png,8,1,2.0
ratings_155649.csv,155649,1423.1000000089407,../../images/project_ratings/im12.png,12,4,2.0
ratings_155649.csv,155649,1407.4000000059605,../../images/project_ratings/im43.png,43,3,1.0
ratings_155649.csv,155649,1939.5,../../images/project_ratings/im37.png,37,1,2.0
ratings_907486_Parsa.csv,Parsa,3596.5,../../images/project_ratings/im39.png,39,3,5.0
ratings_907486_Parsa.csv,Parsa,3714.20000000298,../../images/project_ratings/im41.png,41,1,4.0
ratings_907486_Parsa.csv,Parsa,4205.29999999702,../../images/project_ratings/im2.png,2,4,3.0
ratings_907486_Parsa.csv,Parsa,1719.9000000059605,../../images/project_ratings/im48.png,48,2,1.0
ratings_907486_Parsa.csv,Parsa,3186.70000000298,../../images/project_ratings/im50.png,50,2,2.0
ratings_907486_Parsa.csv,Parsa,4070.6000000089407,../../images/project_ratings/im44.png,44,1,1.0
ratings_907486_Parsa.csv,Parsa,2253.5,../../images/project_ratings/im33.png,33,3,2.0
ratings_907486_Parsa.csv,Parsa,3788.70000000298,../../images/project_ratings/im35.png,35,4,2.0
ratings_907486_Parsa.csv,Parsa,2439.0,../../images/project_ratings/im40.png,40,2,1.0
ratings_907486_Parsa.csv,Parsa,2071.70000000298,../../images/project_ratings/im27.png,27,4,1.0
ratings_907486_Parsa.csv,Parsa,2104.800000011921,../../images/project_ratings/im24.png,24,4,2.0
ratings_907486_Parsa.csv,Parsa,1322.7000000029802,../../images/project_ratings/im53.png,53,4,3.0
ratings_907486_Parsa.csv,Parsa,1454.4000000059605,../../images/project_ratings/im46.png,46,4,3.0
ratings_907486_Parsa.csv,Parsa,2204.0,../../images/project_ratings/im3.png,3,1,1.0
ratings_907486_Parsa.csv,Parsa,2354.0,../../images/project_ratings/im26.png,26,3,2.0
ratings_907486_Parsa.csv,Parsa,3754.800000011921,../../images/project_ratings/im36.png,36,2,1.0
ratings_907486_Parsa.csv,Parsa,2004.0,../../images/project_ratings/im21.png,21,3,2.0
ratings_907486_Parsa.csv,Parsa,4503.5,../../images/project_ratings/im10.png,10,3,2.0
ratings_907486_Parsa.csv,Parsa,3556.0,../../images/project_ratings/im52.png,52,4,3.0
ratings_907486_Parsa.csv,Parsa,4772.399999991059,../../images/project_ratings/im19.png,19,2,4.0
ratings_907486_Parsa.csv,Parsa,2671.4000000059605,../../images/project_ratings/im42.png,42,1,2.0
ratings_907486_Parsa.csv,Parsa,2353.4000000059605,../../images/project_ratings/im56.png,56,4,3.0
ratings_907486_Parsa.csv,Parsa,2021.4000000059605,../../images/project_ratings/im17.png,17,4,5.0
ratings_907486_Parsa.csv,Parsa,2371.79999999702,../../images/project_ratings/im31.png,31,1,4.0
ratings_907486_Parsa.csv,Parsa,2436.0999999940395,../../images/project_ratings/im49.png,49,1,2.0
ratings_907486_Parsa.csv,Parsa,1739.4000000059605,../../images/project_ratings/im32.png,32,2,1.0
ratings_907486_Parsa.csv,Parsa,3472.29999999702,../../images/project_ratings/im47.png,47,1,2.0
ratings_907486_Parsa.csv,Parsa,2454.699999988079,../../images/project_ratings/im38.png,38,4,3.0
ratings_907486_Parsa.csv,Parsa,1735.8999999910593,../../images/project_ratings/im55.png,55,2,2.0
ratings_907486_Parsa.csv,Parsa,1689.0,../../images/project_ratings/im13.png,13,3,2.0
ratings_907486_Parsa.csv,Parsa,1957.5,../../images/project_ratings/im22.png,22,1,2.0
ratings_907486_Parsa.csv,Parsa,3535.79999999702,../../images/project_ratings/im51.png,51,4,2.0
ratings_907486_Parsa.csv,Parsa,1755.699999988079,../../images/project_ratings/im30.png,30,2,1.0
ratings_907486_Parsa.csv,Parsa,2437.699999988079,../../images/project_ratings/im34.png,34,1,2.0
ratings_907486_Parsa.csv,Parsa,2102.0999999940395,../../images/project_ratings/im23.png,23,2,1.0
ratings_907486_Parsa.csv,Parsa,1672.0,../../images/project_ratings/im4.png,4,1,2.0
ratings_907486_Parsa.csv,Parsa,3089.0999999940395,../../images/project_ratings/im14.png,14,1,1.0
ratings_907486_Parsa.csv,Parsa,1903.0999999940395,../../images/project_ratings/im29.png,29,3,2.0
ratings_907486_Parsa.csv,Parsa,3470.20000000298,../../images/project_ratings/im28.png,28,4,1.0
ratings_907486_Parsa.csv,Parsa,1521.9000000059605,../../images/project_ratings/im54.png,54,4,2.0
ratings_907486_Parsa.csv,Parsa,5520.70000000298,../../images/project_ratings/im58.png,58,2,3.0
ratings_907486_Parsa.csv,Parsa,2654.5,../../images/project_ratings/im18.png,18,2,1.0
ratings_907486_Parsa.csv,Parsa,3538.79999999702,../../images/project_ratings/im59.png,59,4,2.0
ratings_907486_Parsa.csv,Parsa,2351.29999999702,../../images/project_ratings/im20.png,20,1,2.0
ratings_907486_Parsa.csv,Parsa,2734.5999999940395,../../images/project_ratings/im25.png,25,3,2.0
ratings_907486_Parsa.csv,Parsa,2487.20000000298,../../images/project_ratings/im6.png,6,1,2.0
ratings_907486_Parsa.csv,Parsa,3005.29999999702,../../images/project_ratings/im45.png,45,3,2.0
ratings_907486_Parsa.csv,Parsa,5253.9000000059605,../../images/project_ratings/im7.png,7,2,3.0
ratings_907486_Parsa.csv,Parsa,2089.199999988079,../../images/project_ratings/im57.png,57,3,2.0
ratings_907486_Parsa.csv,Parsa,3587.8999999910598,../../images/project_ratings/im1.png,1,4,3.0
ratings_907486_Parsa.csv,Parsa,1323.5999999940395,../../images/project_ratings/im16.png,16,1,2.0
ratings_907486_Parsa.csv,Parsa,1685.199999988079,../../images/project_ratings/im0.png,0,4,2.0
ratings_907486_Parsa.csv,Parsa,1321.7999999970198,../../images/project_ratings/im15.png,15,1,2.0
ratings_907486_Parsa.csv,Parsa,1775.7999999970198,../../images/project_ratings/im5.png,5,3,2.0
ratings_907486_Parsa.csv,Parsa,2757.0999999940395,../../images/project_ratings/im11.png,11,2,4.0
ratings_907486_Parsa.csv,Parsa,1902.9000000059605,../../images/project_ratings/im9.png,9,4,1.0
ratings_907486_Parsa.csv,Parsa,4121.59999999404,../../images/project_ratings/im8.png,8,2,3.0
ratings_907486_Parsa.csv,Parsa,4090.400000005961,../../images/project_ratings/im12.png,12,1,2.0
ratings_907486_Parsa.csv,Parsa,1471.7000000029802,../../images/project_ratings/im43.png,43,4,2.0
ratings_907486_Parsa.csv,Parsa,1504.4000000059605,../../images/project_ratings/im37.png,37,2,1.0
ratings_212488.csv,212488,4507.0,../../images/project_ratings/im39.png,39,1,2.0
ratings_212488.csv,212488,2833.0,../../images/project_ratings/im41.png,41,1,3.0
ratings_212488.csv,212488,2551.699999809265,../../images/project_ratings/im2.png,2,4,3.0
ratings_212488.csv,212488,4245.400000095367,../../images/project_ratings/im48.png,48,3,3.0
ratings_212488.csv,212488,3655.2000002861023,../../images/project_ratings/im50.png,50,2,3.0
ratings_212488.csv,212488,2927.300000190735,../../images/project_ratings/im44.png,44,4,4.0
ratings_212488.csv,212488,2921.699999809265,../../images/project_ratings/im33.png,33,1,3.0
ratings_212488.csv,212488,3328.599999904633,../../images/project_ratings/im35.png,35,2,2.0
ratings_212488.csv,212488,4744.800000190735,../../images/project_ratings/im40.png,40,3,3.0
ratings_212488.csv,212488,2905.4000000953674,../../images/project_ratings/im27.png,27,4,4.0
ratings_212488.csv,212488,3985.89999961853,../../images/project_ratings/im24.png,24,1,4.0
ratings_212488.csv,212488,2011.7999997138977,../../images/project_ratings/im53.png,53,1,4.0
ratings_212488.csv,212488,2639.4000000953674,../../images/project_ratings/im46.png,46,4,4.0
ratings_212488.csv,212488,3825.0,../../images/project_ratings/im3.png,3,2,5.0
ratings_212488.csv,212488,1783.1999998092651,../../images/project_ratings/im26.png,26,3,5.0
ratings_212488.csv,212488,2040.8999996185305,../../images/project_ratings/im36.png,36,4,5.0
ratings_212488.csv,212488,2238.599999904633,../../images/project_ratings/im21.png,21,3,4.0
ratings_212488.csv,212488,3143.199999809265,../../images/project_ratings/im10.png,10,3,4.0
ratings_212488.csv,212488,4063.199999809265,../../images/project_ratings/im52.png,52,2,4.0
ratings_212488.csv,212488,2227.4000000953674,../../images/project_ratings/im19.png,19,1,4.0
ratings_212488.csv,212488,2363.4000000953674,../../images/project_ratings/im42.png,42,4,4.0
ratings_212488.csv,212488,2789.599999904633,../../images/project_ratings/im56.png,56,4,3.0
ratings_212488.csv,212488,1844.5,../../images/project_ratings/im17.png,17,2,4.0
ratings_212488.csv,212488,2419.300000190735,../../images/project_ratings/im31.png,31,3,3.0
ratings_212488.csv,212488,1747.9000000953674,../../images/project_ratings/im49.png,49,1,5.0
ratings_212488.csv,212488,2281.7000002861023,../../images/project_ratings/im32.png,32,2,3.0
ratings_212488.csv,212488,3336.599999904633,../../images/project_ratings/im47.png,47,2,2.0
ratings_212488.csv,212488,2627.699999809265,../../images/project_ratings/im38.png,38,3,3.0
ratings_212488.csv,212488,1709.0999999046326,../../images/project_ratings/im55.png,55,3,4.0
ratings_212488.csv,212488,2148.800000190735,../../images/project_ratings/im13.png,13,3,3.0
ratings_212488.csv,212488,1737.2999997138977,../../images/project_ratings/im22.png,22,3,5.0
ratings_212488.csv,212488,3380.300000190735,../../images/project_ratings/im51.png,51,1,4.0
ratings_212488.csv,212488,1893.5,../../images/project_ratings/im30.png,30,3,4.0
ratings_212488.csv,212488,2557.800000190735,../../images/project_ratings/im34.png,34,2,2.0
ratings_212488.csv,212488,3439.800000190735,../../images/project_ratings/im23.png,23,4,4.0
ratings_212488.csv,212488,2813.0,../../images/project_ratings/im4.png,4,2,2.0
ratings_212488.csv,212488,1494.6000003814695,../../images/project_ratings/im14.png,14,2,3.0
ratings_212488.csv,212488,3610.199999809265,../../images/project_ratings/im29.png,29,4,4.0
ratings_212488.csv,212488,2075.1000003814697,../../images/project_ratings/im28.png,28,1,4.0
ratings_212488.csv,212488,2932.2000002861023,../../images/project_ratings/im54.png,54,2,2.0
ratings_212488.csv,212488,1699.6999998092651,../../images/project_ratings/im58.png,58,3,2.0
ratings_212488.csv,212488,1856.8000001907349,../../images/project_ratings/im18.png,18,1,3.0
ratings_212488.csv,212488,3297.9000000953674,../../images/project_ratings/im59.png,59,4,3.0
ratings_212488.csv,212488,1600.8000001907349,../../images/project_ratings/im20.png,20,4,3.0
ratings_212488.csv,212488,2300.599999904633,../../images/project_ratings/im25.png,25,4,5.0
ratings_212488.csv,212488,4909.700000286102,../../images/project_ratings/im6.png,6,3,3.0
ratings_212488.csv,212488,1794.3000001907349,../../images/project_ratings/im45.png,45,3,4.0
ratings_212488.csv,212488,2655.2000002861023,../../images/project_ratings/im7.png,7,2,4.0
ratings_212488.csv,212488,3020.5,../../images/project_ratings/im57.png,57,3,3.0
ratings_212488.csv,212488,2428.4000000953674,../../images/project_ratings/im1.png,1,3,4.0
ratings_212488.csv,212488,1631.5,../../images/project_ratings/im16.png,16,1,3.0
ratings_212488.csv,212488,3458.3999996185303,../../images/project_ratings/im0.png,0,4,2.0
ratings_212488.csv,212488,1847.3999996185305,../../images/project_ratings/im15.png,15,2,3.0
ratings_212488.csv,212488,1922.0,../../images/project_ratings/im5.png,5,3,4.0
ratings_212488.csv,212488,1711.5999999046326,../../images/project_ratings/im11.png,11,4,3.0
ratings_212488.csv,212488,3707.7000002861023,../../images/project_ratings/im9.png,9,2,2.0
ratings_212488.csv,212488,2300.1000003814697,../../images/project_ratings/im8.png,8,3,4.0
ratings_212488.csv,212488,4109.0,../../images/project_ratings/im12.png,12,3,5.0
ratings_212488.csv,212488,2404.2000002861023,../../images/project_ratings/im43.png,43,1,3.0
ratings_212488.csv,212488,,../../images/project_ratings/im37.png,37,2,
ratings_951004.csv,951004,4435.199999988079,../../images/project_ratings/im39.png,39,2,2.0
ratings_951004.csv,951004,6804.29999999702,../../images/project_ratings/im41.png,41,1,4.0
ratings_951004.csv,951004,3271.0,../../images/project_ratings/im2.png,2,1,2.0
ratings_951004.csv,951004,2270.0,../../images/project_ratings/im48.png,48,3,1.0
ratings_951004.csv,951004,2373.79999999702,../../images/project_ratings/im50.png,50,1,2.0
ratings_951004.csv,951004,2787.3999999910598,../../images/project_ratings/im44.png,44,2,1.0
ratings_951004.csv,951004,2187.5,../../images/project_ratings/im33.png,33,3,3.0
ratings_951004.csv,951004,2720.9000000059605,../../images/project_ratings/im35.png,35,3,1.0
ratings_951004.csv,951004,4403.9000000059605,../../images/project_ratings/im40.png,40,1,2.0
ratings_951004.csv,951004,1871.79999999702,../../images/project_ratings/im27.png,27,3,1.0
ratings_951004.csv,951004,2274.29999999702,../../images/project_ratings/im24.png,24,4,2.0
ratings_951004.csv,951004,3606.0,../../images/project_ratings/im53.png,53,1,1.0
ratings_951004.csv,951004,1821.5999999940395,../../images/project_ratings/im46.png,46,4,1.0
ratings_951004.csv,951004,2272.5999999940395,../../images/project_ratings/im3.png,3,3,4.0
ratings_951004.csv,951004,1856.4000000059605,../../images/project_ratings/im26.png,26,4,5.0
ratings_951004.csv,951004,3287.0999999940395,../../images/project_ratings/im36.png,36,3,4.0
ratings_951004.csv,951004,3557.3999999910598,../../images/project_ratings/im21.png,21,1,1.0
ratings_951004.csv,951004,4254.5,../../images/project_ratings/im10.png,10,4,4.0
ratings_951004.csv,951004,2221.79999999702,../../images/project_ratings/im52.png,52,4,2.0
ratings_951004.csv,951004,3021.5999999940395,../../images/project_ratings/im19.png,19,4,5.0
ratings_951004.csv,951004,5005.199999988079,../../images/project_ratings/im42.png,42,3,3.0
ratings_951004.csv,951004,4103.9000000059605,../../images/project_ratings/im56.png,56,2,2.0
ratings_951004.csv,951004,2426.29999999702,../../images/project_ratings/im17.png,17,2,4.0
ratings_951004.csv,951004,2838.79999999702,../../images/project_ratings/im31.png,31,2,2.0
ratings_951004.csv,951004,2405.5,../../images/project_ratings/im49.png,49,4,3.0
ratings_951004.csv,951004,2637.800000011921,../../images/project_ratings/im32.png,32,4,3.0
ratings_951004.csv,951004,4920.5,../../images/project_ratings/im47.png,47,3,4.0
ratings_951004.csv,951004,1804.199999988079,../../images/project_ratings/im38.png,38,4,5.0
ratings_951004.csv,951004,2288.6000000089407,../../images/project_ratings/im55.png,55,4,2.0
ratings_951004.csv,951004,4554.9000000059605,../../images/project_ratings/im13.png,13,4,5.0
ratings_951004.csv,951004,5704.9000000059605,../../images/project_ratings/im22.png,22,1,5.0
ratings_951004.csv,951004,2770.1000000089407,../../images/project_ratings/im51.png,51,1,5.0
ratings_951004.csv,951004,2788.20000000298,../../images/project_ratings/im30.png,30,4,2.0
ratings_951004.csv,951004,4288.399999991059,../../images/project_ratings/im34.png,34,2,2.0
ratings_951004.csv,951004,2353.0999999940395,../../images/project_ratings/im23.png,23,3,4.0
ratings_951004.csv,951004,3006.4000000059605,../../images/project_ratings/im4.png,4,3,4.0
ratings_951004.csv,951004,3721.09999999404,../../images/project_ratings/im14.png,14,1,4.0
ratings_951004.csv,951004,2471.79999999702,../../images/project_ratings/im29.png,29,2,1.0
ratings_951004.csv,951004,3956.1000000089407,../../images/project_ratings/im28.png,28,4,2.0
ratings_951004.csv,951004,2822.5,../../images/project_ratings/im54.png,54,4,3.0
ratings_951004.csv,951004,3404.20000000298,../../images/project_ratings/im58.png,58,4,4.0
ratings_951004.csv,951004,2704.70000000298,../../images/project_ratings/im18.png,18,4,3.0
ratings_951004.csv,951004,1788.2000000029802,../../images/project_ratings/im59.png,59,3,2.0
ratings_951004.csv,951004,5720.20000000298,../../images/project_ratings/im20.png,20,2,4.0
ratings_951004.csv,951004,2489.6000000089407,../../images/project_ratings/im25.png,25,2,5.0
ratings_951004.csv,951004,6172.0,../../images/project_ratings/im6.png,6,2,3.0
ratings_951004.csv,951004,2637.20000000298,../../images/project_ratings/im45.png,45,2,5.0
ratings_951004.csv,951004,2155.29999999702,../../images/project_ratings/im7.png,7,1,2.0
ratings_951004.csv,951004,3188.0,../../images/project_ratings/im57.png,57,1,3.0
ratings_951004.csv,951004,2203.300000011921,../../images/project_ratings/im1.png,1,3,5.0
ratings_951004.csv,951004,2105.4000000059605,../../images/project_ratings/im16.png,16,3,4.0
ratings_951004.csv,951004,3322.199999988079,../../images/project_ratings/im0.png,0,1,2.0
ratings_951004.csv,951004,3654.5,../../images/project_ratings/im15.png,15,4,2.0
ratings_951004.csv,951004,2120.6000000089407,../../images/project_ratings/im5.png,5,3,5.0
ratings_951004.csv,951004,3104.8999999910598,../../images/project_ratings/im11.png,11,3,5.0
ratings_951004.csv,951004,4388.600000008941,../../images/project_ratings/im9.png,9,3,2.0
ratings_951004.csv,951004,4154.4000000059605,../../images/project_ratings/im8.png,8,4,4.0
ratings_951004.csv,951004,3505.5,../../images/project_ratings/im12.png,12,2,3.0
ratings_951004.csv,951004,2638.4000000059605,../../images/project_ratings/im43.png,43,4,2.0
ratings_951004.csv,951004,4972.600000008941,../../images/project_ratings/im37.png,37,3,5.0
ratings_281372.csv,281372,5040.800000071526,../../images/project_ratings/im39.png,39,2,2.0
ratings_281372.csv,281372,2058.3000000715256,../../images/project_ratings/im41.png,41,1,3.0
ratings_281372.csv,281372,3022.5,../../images/project_ratings/im2.png,2,1,2.0
ratings_281372.csv,281372,2396.7999999523163,../../images/project_ratings/im48.png,48,1,2.0
ratings_281372.csv,281372,2324.899999976158,../../images/project_ratings/im50.png,50,3,2.0
ratings_281372.csv,281372,3615.899999976158,../../images/project_ratings/im44.png,44,4,4.0
ratings_281372.csv,281372,5850.799999952316,../../images/project_ratings/im33.png,33,1,1.0
ratings_281372.csv,281372,2226.200000047684,../../images/project_ratings/im35.png,35,4,2.0
ratings_281372.csv,281372,2178.200000047684,../../images/project_ratings/im40.png,40,3,2.0
ratings_281372.csv,281372,4184.100000023842,../../images/project_ratings/im27.png,27,3,3.0
ratings_281372.csv,281372,2822.0,../../images/project_ratings/im24.png,24,2,2.0
ratings_281372.csv,281372,2212.399999976158,../../images/project_ratings/im53.png,53,2,2.0
ratings_281372.csv,281372,2289.6999999284744,../../images/project_ratings/im46.png,46,1,1.0
ratings_281372.csv,281372,2005.6000000238416,../../images/project_ratings/im3.png,3,1,3.0
ratings_281372.csv,281372,2519.600000023842,../../images/project_ratings/im26.png,26,2,4.0
ratings_281372.csv,281372,2110.099999904633,../../images/project_ratings/im36.png,36,1,2.0
ratings_281372.csv,281372,4316.5,../../images/project_ratings/im21.png,21,1,2.0
ratings_281372.csv,281372,1940.1999999284744,../../images/project_ratings/im10.png,10,4,3.0
ratings_281372.csv,281372,1960.700000047684,../../images/project_ratings/im52.png,52,3,2.0
ratings_281372.csv,281372,3341.100000023842,../../images/project_ratings/im19.png,19,3,3.0
ratings_281372.csv,281372,2140.399999976158,../../images/project_ratings/im42.png,42,3,3.0
ratings_281372.csv,281372,3355.100000023842,../../images/project_ratings/im56.png,56,4,4.0
ratings_281372.csv,281372,2520.600000023842,../../images/project_ratings/im17.png,17,4,3.0
ratings_281372.csv,281372,2108.8000000715256,../../images/project_ratings/im31.png,31,2,3.0
ratings_281372.csv,281372,2474.399999976158,../../images/project_ratings/im49.png,49,2,1.0
ratings_281372.csv,281372,2337.399999976158,../../images/project_ratings/im32.png,32,4,4.0
ratings_281372.csv,281372,1544.7000000476835,../../images/project_ratings/im47.png,47,3,3.0
ratings_281372.csv,281372,2118.899999976158,../../images/project_ratings/im38.png,38,4,3.0
ratings_281372.csv,281372,1670.899999976158,../../images/project_ratings/im55.png,55,2,3.0
ratings_281372.csv,281372,2076.100000023842,../../images/project_ratings/im13.png,13,1,1.0
ratings_281372.csv,281372,1989.399999976158,../../images/project_ratings/im22.png,22,2,3.0
ratings_281372.csv,281372,2485.899999976158,../../images/project_ratings/im51.png,51,4,5.0
ratings_281372.csv,281372,2035.3000000715256,../../images/project_ratings/im30.png,30,3,2.0
ratings_281372.csv,281372,1791.600000023842,../../images/project_ratings/im34.png,34,1,2.0
ratings_281372.csv,281372,1468.2999999523165,../../images/project_ratings/im23.png,23,3,2.0
ratings_281372.csv,281372,3307.3000000715256,../../images/project_ratings/im4.png,4,4,3.0
ratings_281372.csv,281372,3278.200000047684,../../images/project_ratings/im14.png,14,4,2.0
ratings_281372.csv,281372,2057.7999999523163,../../images/project_ratings/im29.png,29,4,2.0
ratings_281372.csv,281372,2131.100000023842,../../images/project_ratings/im28.png,28,4,2.0
ratings_281372.csv,281372,1507.8000000715256,../../images/project_ratings/im54.png,54,2,3.0
ratings_281372.csv,281372,1557.0,../../images/project_ratings/im58.png,58,3,2.0
ratings_281372.csv,281372,1694.2000000476835,../../images/project_ratings/im18.png,18,1,3.0
ratings_281372.csv,281372,1551.0999999046326,../../images/project_ratings/im59.png,59,1,2.0
ratings_281372.csv,281372,3229.2999999523163,../../images/project_ratings/im20.png,20,3,2.0
ratings_281372.csv,281372,1693.2000000476835,../../images/project_ratings/im25.png,25,1,3.0
ratings_281372.csv,281372,2754.0,../../images/project_ratings/im6.png,6,4,4.0
ratings_281372.csv,281372,1712.399999976158,../../images/project_ratings/im45.png,45,4,3.0
ratings_281372.csv,281372,1533.600000023842,../../images/project_ratings/im7.png,7,3,4.0
ratings_281372.csv,281372,1440.600000023842,../../images/project_ratings/im57.png,57,2,3.0
ratings_281372.csv,281372,1877.6000000238416,../../images/project_ratings/im1.png,1,1,2.0
ratings_281372.csv,281372,3563.899999976158,../../images/project_ratings/im16.png,16,2,2.0
ratings_281372.csv,281372,1372.5999999046326,../../images/project_ratings/im0.png,0,1,3.0
ratings_281372.csv,281372,2946.0,../../images/project_ratings/im15.png,15,4,5.0
ratings_281372.csv,281372,1606.899999976158,../../images/project_ratings/im5.png,5,2,5.0
ratings_281372.csv,281372,2335.3000000715256,../../images/project_ratings/im11.png,11,4,3.0
ratings_281372.csv,281372,1775.5,../../images/project_ratings/im9.png,9,1,2.0
ratings_281372.csv,281372,2995.7999999523163,../../images/project_ratings/im8.png,8,1,4.0
ratings_281372.csv,281372,1878.2999999523165,../../images/project_ratings/im12.png,12,4,4.0
ratings_281372.csv,281372,2604.2999999523163,../../images/project_ratings/im43.png,43,1,3.0
ratings_281372.csv,281372,1678.600000023842,../../images/project_ratings/im37.png,37,3,1.0
ratings_814299.csv,814299,2546.10000000149,../../images/project_ratings/im39.png,39,3,2.0
ratings_814299.csv,814299,2890.8000000044703,../../images/project_ratings/im41.png,41,4,2.0
ratings_814299.csv,814299,2465.60000000149,../../images/project_ratings/im2.png,2,4,3.0
ratings_814299.csv,814299,,../../images/project_ratings/im48.png,48,3,
ratings_814299.csv,814299,1866.29999999702,../../images/project_ratings/im50.png,50,3,4.0
ratings_814299.csv,814299,5315.69999999553,../../images/project_ratings/im44.png,44,2,4.0
ratings_814299.csv,814299,2120.9000000059605,../../images/project_ratings/im33.png,33,2,4.0
ratings_814299.csv,814299,4136.30000000447,../../images/project_ratings/im35.png,35,2,1.0
ratings_814299.csv,814299,2124.6999999955297,../../images/project_ratings/im40.png,40,1,2.0
ratings_814299.csv,814299,2783.79999999702,../../images/project_ratings/im27.png,27,3,2.0
ratings_814299.csv,814299,4962.5,../../images/project_ratings/im24.png,24,1,2.0
ratings_814299.csv,814299,3758.60000000149,../../images/project_ratings/im53.png,53,2,3.0
ratings_814299.csv,814299,3005.4000000059605,../../images/project_ratings/im46.png,46,3,4.0
ratings_814299.csv,814299,2824.0999999940395,../../images/project_ratings/im3.png,3,4,3.0
ratings_814299.csv,814299,2253.20000000298,../../images/project_ratings/im26.png,26,2,4.0
ratings_814299.csv,814299,1899.70000000298,../../images/project_ratings/im36.png,36,2,4.0
ratings_814299.csv,814299,2180.6999999955297,../../images/project_ratings/im21.png,21,1,4.0
ratings_814299.csv,814299,2144.10000000149,../../images/project_ratings/im10.png,10,1,2.0
ratings_814299.csv,814299,2332.6999999955297,../../images/project_ratings/im52.png,52,1,3.0
ratings_814299.csv,814299,2475.0,../../images/project_ratings/im19.png,19,3,4.0
ratings_814299.csv,814299,7140.39999999851,../../images/project_ratings/im42.png,42,1,2.0
ratings_814299.csv,814299,5537.30000000447,../../images/project_ratings/im56.png,56,2,5.0
ratings_814299.csv,814299,2252.29999999702,../../images/project_ratings/im17.png,17,3,4.0
ratings_814299.csv,814299,3260.60000000149,../../images/project_ratings/im31.png,31,4,3.0
ratings_814299.csv,814299,2031.3999999985097,../../images/project_ratings/im49.png,49,2,4.0
ratings_814299.csv,814299,2129.60000000149,../../images/project_ratings/im32.png,32,2,4.0
ratings_814299.csv,814299,2128.20000000298,../../images/project_ratings/im47.png,47,1,5.0
ratings_814299.csv,814299,2134.60000000149,../../images/project_ratings/im38.png,38,2,4.0
ratings_814299.csv,814299,1764.4000000059605,../../images/project_ratings/im55.png,55,3,4.0
ratings_814299.csv,814299,1976.10000000149,../../images/project_ratings/im13.png,13,1,4.0
ratings_814299.csv,814299,2447.70000000298,../../images/project_ratings/im22.png,22,3,2.0
ratings_814299.csv,814299,2448.1999999955297,../../images/project_ratings/im51.png,51,4,5.0
ratings_814299.csv,814299,4807.9000000059605,../../images/project_ratings/im30.png,30,4,5.0
ratings_814299.csv,814299,5606.39999999851,../../images/project_ratings/im34.png,34,3,4.0
ratings_814299.csv,814299,2102.89999999851,../../images/project_ratings/im23.png,23,2,4.0
ratings_814299.csv,814299,1771.0,../../images/project_ratings/im4.png,4,3,4.0
ratings_814299.csv,814299,2354.70000000298,../../images/project_ratings/im14.png,14,1,4.0
ratings_814299.csv,814299,1941.8999999985097,../../images/project_ratings/im29.png,29,3,4.0
ratings_814299.csv,814299,,../../images/project_ratings/im28.png,28,3,
ratings_814299.csv,814299,,../../images/project_ratings/im54.png,54,4,
ratings_814299.csv,814299,,../../images/project_ratings/im58.png,58,2,
ratings_814299.csv,814299,,../../images/project_ratings/im18.png,18,3,
ratings_814299.csv,814299,3528.29999999702,../../images/project_ratings/im59.png,59,4,4.0
ratings_814299.csv,814299,5634.79999999702,../../images/project_ratings/im20.png,20,2,3.0
ratings_814299.csv,814299,3609.6999999955297,../../images/project_ratings/im25.png,25,4,3.0
ratings_814299.csv,814299,1736.2000000029802,../../images/project_ratings/im6.png,6,4,3.0
ratings_814299.csv,814299,1815.29999999702,../../images/project_ratings/im45.png,45,2,5.0
ratings_814299.csv,814299,3146.1999999955297,../../images/project_ratings/im7.png,7,2,3.0
ratings_814299.csv,814299,4021.400000005961,../../images/project_ratings/im57.png,57,3,4.0
ratings_814299.csv,814299,5358.89999999851,../../images/project_ratings/im1.png,1,2,5.0
ratings_814299.csv,814299,5285.60000000149,../../images/project_ratings/im16.png,16,3,4.0
ratings_814299.csv,814299,2462.0999999940395,../../images/project_ratings/im0.png,0,3,4.0
ratings_814299.csv,814299,6393.0,../../images/project_ratings/im15.png,15,2,4.0
ratings_814299.csv,814299,,../../images/project_ratings/im5.png,5,4,
ratings_814299.csv,814299,2587.10000000149,../../images/project_ratings/im11.png,11,2,3.0
ratings_814299.csv,814299,6639.39999999851,../../images/project_ratings/im9.png,9,3,4.0
ratings_814299.csv,814299,5349.19999999553,../../images/project_ratings/im8.png,8,4,3.0
ratings_814299.csv,814299,6385.30000000447,../../images/project_ratings/im12.png,12,2,4.0
ratings_814299.csv,814299,2081.29999999702,../../images/project_ratings/im43.png,43,3,2.0
ratings_814299.csv,814299,1926.8000000044703,../../images/project_ratings/im37.png,37,2,4.0
ratings_854773.csv,854773,3060.79999999702,../../images/project_ratings/im39.png,39,3,4.0
ratings_854773.csv,854773,3534.29999999702,../../images/project_ratings/im41.png,41,3,4.0
ratings_854773.csv,854773,2408.0,../../images/project_ratings/im2.png,2,1,3.0
ratings_854773.csv,854773,3457.20000000298,../../images/project_ratings/im48.png,48,3,3.0
ratings_854773.csv,854773,,../../images/project_ratings/im50.png,50,3,
ratings_854773.csv,854773,2907.6000000089407,../../images/project_ratings/im44.png,44,4,3.0
ratings_854773.csv,854773,,../../images/project_ratings/im33.png,33,2,
ratings_854773.csv,854773,7289.70000000298,../../images/project_ratings/im35.png,35,3,3.0
ratings_854773.csv,854773,,../../images/project_ratings/im40.png,40,3,
ratings_854773.csv,854773,3068.70000000298,../../images/project_ratings/im27.png,27,2,2.0
ratings_854773.csv,854773,2745.29999999702,../../images/project_ratings/im24.png,24,1,2.0
ratings_854773.csv,854773,,../../images/project_ratings/im53.png,53,2,
ratings_854773.csv,854773,7677.099999994039,../../images/project_ratings/im46.png,46,4,2.0
ratings_854773.csv,854773,6786.899999991059,../../images/project_ratings/im3.png,3,3,2.0
ratings_854773.csv,854773,2947.5,../../images/project_ratings/im26.png,26,1,2.0
ratings_854773.csv,854773,2170.79999999702,../../images/project_ratings/im36.png,36,3,2.0
ratings_854773.csv,854773,4546.4000000059605,../../images/project_ratings/im21.png,21,3,2.0
ratings_854773.csv,854773,5021.399999991059,../../images/project_ratings/im10.png,10,3,2.0
ratings_854773.csv,854773,1924.29999999702,../../images/project_ratings/im52.png,52,2,3.0
ratings_854773.csv,854773,2127.5,../../images/project_ratings/im19.png,19,4,3.0
ratings_854773.csv,854773,2129.6000000089407,../../images/project_ratings/im42.png,42,4,3.0
ratings_854773.csv,854773,3131.5999999940395,../../images/project_ratings/im56.png,56,2,3.0
ratings_854773.csv,854773,2337.199999988079,../../images/project_ratings/im17.png,17,4,4.0
ratings_854773.csv,854773,2089.0999999940395,../../images/project_ratings/im31.png,31,2,3.0
ratings_854773.csv,854773,2894.20000000298,../../images/project_ratings/im49.png,49,1,3.0
ratings_854773.csv,854773,2121.3999999910598,../../images/project_ratings/im32.png,32,4,3.0
ratings_854773.csv,854773,1848.8999999910595,../../images/project_ratings/im47.png,47,1,3.0
ratings_854773.csv,854773,2264.3999999910598,../../images/project_ratings/im38.png,38,1,3.0
ratings_854773.csv,854773,1967.0999999940395,../../images/project_ratings/im55.png,55,1,3.0
ratings_854773.csv,854773,3248.70000000298,../../images/project_ratings/im13.png,13,4,3.0
ratings_854773.csv,854773,2675.0,../../images/project_ratings/im22.png,22,1,3.0
ratings_854773.csv,854773,3110.79999999702,../../images/project_ratings/im51.png,51,3,3.0
ratings_854773.csv,854773,1965.5,../../images/project_ratings/im30.png,30,2,3.0
ratings_854773.csv,854773,7897.0,../../images/project_ratings/im34.png,34,3,2.0
ratings_854773.csv,854773,1855.29999999702,../../images/project_ratings/im23.png,23,1,2.0
ratings_854773.csv,854773,2532.5999999940395,../../images/project_ratings/im4.png,4,4,3.0
ratings_854773.csv,854773,3867.1000000089407,../../images/project_ratings/im14.png,14,2,3.0
ratings_854773.csv,854773,6240.4000000059605,../../images/project_ratings/im29.png,29,4,3.0
ratings_854773.csv,854773,1977.4000000059605,../../images/project_ratings/im28.png,28,1,3.0
ratings_854773.csv,854773,3349.29999999702,../../images/project_ratings/im54.png,54,4,4.0
ratings_854773.csv,854773,2024.8999999910595,../../images/project_ratings/im58.png,58,1,3.0
ratings_854773.csv,854773,2037.70000000298,../../images/project_ratings/im18.png,18,4,3.0
ratings_854773.csv,854773,2202.70000000298,../../images/project_ratings/im59.png,59,2,3.0
ratings_854773.csv,854773,2325.5,../../images/project_ratings/im20.png,20,4,3.0
ratings_854773.csv,854773,2548.3999999910598,../../images/project_ratings/im25.png,25,1,3.0
ratings_854773.csv,854773,1992.79999999702,../../images/project_ratings/im6.png,6,2,3.0
ratings_854773.csv,854773,5523.300000011921,../../images/project_ratings/im45.png,45,3,4.0
ratings_854773.csv,854773,1925.6000000089407,../../images/project_ratings/im7.png,7,2,3.0
ratings_854773.csv,854773,2435.79999999702,../../images/project_ratings/im57.png,57,3,3.0
ratings_854773.csv,854773,2645.0,../../images/project_ratings/im1.png,1,2,3.0
ratings_854773.csv,854773,2554.29999999702,../../images/project_ratings/im16.png,16,2,3.0
ratings_854773.csv,854773,4492.0,../../images/project_ratings/im0.png,0,3,3.0
ratings_854773.csv,854773,2578.79999999702,../../images/project_ratings/im15.png,15,2,3.0
ratings_854773.csv,854773,2722.9000000059605,../../images/project_ratings/im5.png,5,3,3.0
ratings_854773.csv,854773,1880.5999999940395,../../images/project_ratings/im11.png,11,2,3.0
ratings_854773.csv,854773,6844.0,../../images/project_ratings/im9.png,9,3,3.0
ratings_854773.csv,854773,1995.699999988079,../../images/project_ratings/im8.png,8,1,3.0
ratings_854773.csv,854773,2432.79999999702,../../images/project_ratings/im12.png,12,1,3.0
ratings_854773.csv,854773,2600.5,../../images/project_ratings/im43.png,43,1,3.0
ratings_854773.csv,854773,1879.0,../../images/project_ratings/im37.png,37,4,3.0
ratings_700692.csv,700692,2740.9000000003725,../../images/project_ratings/im39.png,39,2,4.0
ratings_700692.csv,700692,4542.599999999628,../../images/project_ratings/im41.png,41,2,3.0
ratings_700692.csv,700692,3478.100000000093,../../images/project_ratings/im2.png,2,3,4.0
ratings_700692.csv,700692,7774.400000000372,../../images/project_ratings/im48.png,48,3,4.0
ratings_700692.csv,700692,2640.2000000001863,../../images/project_ratings/im50.png,50,4,3.0
ratings_700692.csv,700692,2619.1999999997206,../../images/project_ratings/im44.png,44,1,2.0
ratings_700692.csv,700692,3338.1999999997206,../../images/project_ratings/im33.png,33,4,3.0
ratings_700692.csv,700692,1364.9000000003723,../../images/project_ratings/im35.png,35,3,2.0
ratings_700692.csv,700692,7615.600000000093,../../images/project_ratings/im40.png,40,4,3.0
ratings_700692.csv,700692,4209.100000000093,../../images/project_ratings/im27.png,27,4,3.0
ratings_700692.csv,700692,,../../images/project_ratings/im24.png,24,2,
ratings_700692.csv,700692,,../../images/project_ratings/im53.png,53,2,
ratings_700692.csv,700692,,../../images/project_ratings/im46.png,46,3,
ratings_700692.csv,700692,,../../images/project_ratings/im3.png,3,4,
ratings_700692.csv,700692,,../../images/project_ratings/im26.png,26,4,
ratings_700692.csv,700692,,../../images/project_ratings/im36.png,36,1,
ratings_700692.csv,700692,,../../images/project_ratings/im21.png,21,3,
ratings_700692.csv,700692,,../../images/project_ratings/im10.png,10,2,
ratings_700692.csv,700692,,../../images/project_ratings/im52.png,52,3,
ratings_700692.csv,700692,,../../images/project_ratings/im19.png,19,2,
ratings_700692.csv,700692,,../../images/project_ratings/im42.png,42,4,
ratings_700692.csv,700692,,../../images/project_ratings/im56.png,56,4,
ratings_700692.csv,700692,,../../images/project_ratings/im17.png,17,1,
ratings_700692.csv,700692,,../../images/project_ratings/im31.png,31,4,
ratings_700692.csv,700692,,../../images/project_ratings/im49.png,49,3,
ratings_700692.csv,700692,,../../images/project_ratings/im32.png,32,2,
ratings_700692.csv,700692,5124.099999999628,../../images/project_ratings/im47.png,47,3,2.0
ratings_700692.csv,700692,1996.2999999998135,../../images/project_ratings/im38.png,38,1,4.0
ratings_700692.csv,700692,2773.8000000002794,../../images/project_ratings/im55.png,55,3,4.0
ratings_700692.csv,700692,4401.5,../../images/project_ratings/im13.png,13,2,3.0
ratings_700692.csv,700692,2476.0999999996275,../../images/project_ratings/im22.png,22,1,2.0
ratings_700692.csv,700692,2408.100000000093,../../images/project_ratings/im51.png,51,1,2.0
ratings_700692.csv,700692,3119.0,../../images/project_ratings/im30.png,30,3,2.0
ratings_700692.csv,700692,2908.5,../../images/project_ratings/im34.png,34,4,2.0
ratings_700692.csv,700692,1854.7000000001865,../../images/project_ratings/im23.png,23,1,3.0
ratings_700692.csv,700692,1624.5,../../images/project_ratings/im4.png,4,1,3.0
ratings_700692.csv,700692,3147.600000000093,../../images/project_ratings/im14.png,14,4,3.0
ratings_700692.csv,700692,2073.5999999996275,../../images/project_ratings/im29.png,29,4,3.0
ratings_700692.csv,700692,2984.2000000001863,../../images/project_ratings/im28.png,28,4,3.0
ratings_700692.csv,700692,2646.899999999907,../../images/project_ratings/im54.png,54,1,3.0
ratings_700692.csv,700692,2635.0999999996275,../../images/project_ratings/im58.png,58,4,2.0
ratings_700692.csv,700692,2189.899999999907,../../images/project_ratings/im18.png,18,2,3.0
ratings_700692.csv,700692,3821.1999999997206,../../images/project_ratings/im59.png,59,2,3.0
ratings_700692.csv,700692,3513.3000000002794,../../images/project_ratings/im20.png,20,1,2.0
ratings_700692.csv,700692,2518.4000000003725,../../images/project_ratings/im25.png,25,3,2.0
ratings_700692.csv,700692,4375.899999999907,../../images/project_ratings/im6.png,6,2,4.0
ratings_700692.csv,700692,4244.700000000186,../../images/project_ratings/im45.png,45,2,3.0
ratings_700692.csv,700692,2332.6999999997206,../../images/project_ratings/im7.png,7,2,4.0
ratings_700692.csv,700692,2374.7000000001863,../../images/project_ratings/im57.png,57,2,3.0
ratings_700692.csv,700692,1744.8999999999069,../../images/project_ratings/im1.png,1,3,5.0
ratings_700692.csv,700692,3728.399999999907,../../images/project_ratings/im16.png,16,2,3.0
ratings_700692.csv,700692,2591.0,../../images/project_ratings/im0.png,0,2,3.0
ratings_700692.csv,700692,2327.2000000001863,../../images/project_ratings/im15.png,15,3,4.0
ratings_700692.csv,700692,1952.7000000001865,../../images/project_ratings/im5.png,5,2,3.0
ratings_700692.csv,700692,2080.399999999907,../../images/project_ratings/im11.png,11,4,3.0
ratings_700692.csv,700692,5362.600000000093,../../images/project_ratings/im9.png,9,2,4.0
ratings_700692.csv,700692,3869.2999999998137,../../images/project_ratings/im8.png,8,4,2.0
ratings_700692.csv,700692,2291.1999999997206,../../images/project_ratings/im12.png,12,2,4.0
ratings_700692.csv,700692,4601.5,../../images/project_ratings/im43.png,43,4,3.0
ratings_700692.csv,700692,4771.5,../../images/project_ratings/im37.png,37,4,3.0
ratings_275557.csv,275557,3580.5,../../images/project_ratings/im39.png,39,3,4.0
ratings_275557.csv,275557,4485.299999982119,../../images/project_ratings/im41.png,41,3,3.0
ratings_275557.csv,275557,1936.0,../../images/project_ratings/im2.png,2,4,5.0
ratings_275557.csv,275557,2771.199999988079,../../images/project_ratings/im48.png,48,2,3.0
ratings_275557.csv,275557,2750.0999999940395,../../images/project_ratings/im50.png,50,1,5.0
ratings_275557.csv,275557,2355.0,../../images/project_ratings/im44.png,44,3,5.0
ratings_275557.csv,275557,2253.5,../../images/project_ratings/im33.png,33,2,1.0
ratings_275557.csv,275557,2153.2999999821186,../../images/project_ratings/im35.png,35,1,2.0
ratings_275557.csv,275557,2176.199999988079,../../images/project_ratings/im40.png,40,2,5.0
ratings_275557.csv,275557,3001.0,../../images/project_ratings/im27.png,27,1,5.0
ratings_275557.csv,275557,1869.0,../../images/project_ratings/im24.png,24,4,2.0
ratings_275557.csv,275557,1636.0,../../images/project_ratings/im53.png,53,2,1.0
ratings_275557.csv,275557,2889.4000000059605,../../images/project_ratings/im46.png,46,3,1.0
ratings_275557.csv,275557,2687.0,../../images/project_ratings/im3.png,3,1,2.0
ratings_275557.csv,275557,2518.5,../../images/project_ratings/im26.png,26,1,2.0
ratings_275557.csv,275557,1805.0,../../images/project_ratings/im36.png,36,4,2.0
ratings_275557.csv,275557,3386.199999988079,../../images/project_ratings/im21.png,21,1,1.0
ratings_275557.csv,275557,1971.0,../../images/project_ratings/im10.png,10,1,1.0
ratings_275557.csv,275557,1971.800000011921,../../images/project_ratings/im52.png,52,3,1.0
ratings_275557.csv,275557,1535.9000000059605,../../images/project_ratings/im19.png,19,2,4.0
ratings_275557.csv,275557,2052.5999999940395,../../images/project_ratings/im42.png,42,4,3.0
ratings_275557.csv,275557,3572.7000000178814,../../images/project_ratings/im56.png,56,4,2.0
ratings_275557.csv,275557,2019.800000011921,../../images/project_ratings/im17.png,17,4,4.0
ratings_275557.csv,275557,1851.5,../../images/project_ratings/im31.png,31,1,1.0
ratings_275557.csv,275557,2737.0999999940395,../../images/project_ratings/im49.png,49,3,5.0
ratings_275557.csv,275557,2021.2000000178812,../../images/project_ratings/im32.png,32,3,2.0
ratings_275557.csv,275557,2104.5,../../images/project_ratings/im47.png,47,4,1.0
ratings_275557.csv,275557,2186.699999988079,../../images/project_ratings/im38.png,38,1,1.0
ratings_275557.csv,275557,1803.199999988079,../../images/project_ratings/im55.png,55,2,3.0
ratings_275557.csv,275557,3004.300000011921,../../images/project_ratings/im13.png,13,3,3.0
ratings_275557.csv,275557,2718.5,../../images/project_ratings/im22.png,22,1,5.0
ratings_275557.csv,275557,1936.399999976158,../../images/project_ratings/im51.png,51,4,2.0
ratings_275557.csv,275557,1435.5,../../images/project_ratings/im30.png,30,4,2.0
ratings_275557.csv,275557,1703.4000000059605,../../images/project_ratings/im34.png,34,1,1.0
ratings_275557.csv,275557,1769.699999988079,../../images/project_ratings/im23.png,23,3,1.0
ratings_275557.csv,275557,2420.5,../../images/project_ratings/im4.png,4,2,1.0
ratings_275557.csv,275557,2884.9000000059605,../../images/project_ratings/im14.png,14,1,4.0
ratings_275557.csv,275557,1456.5999999940395,../../images/project_ratings/im29.png,29,1,3.0
ratings_275557.csv,275557,2570.5,../../images/project_ratings/im28.png,28,3,3.0
ratings_275557.csv,275557,2219.199999988079,../../images/project_ratings/im54.png,54,2,2.0
ratings_275557.csv,275557,2303.0,../../images/project_ratings/im58.png,58,3,3.0
ratings_275557.csv,275557,1937.300000011921,../../images/project_ratings/im18.png,18,2,2.0
ratings_275557.csv,275557,2123.0,../../images/project_ratings/im59.png,59,2,1.0
ratings_275557.csv,275557,1856.4000000059605,../../images/project_ratings/im20.png,20,3,4.0
ratings_275557.csv,275557,2269.5,../../images/project_ratings/im25.png,25,2,2.0
ratings_275557.csv,275557,3586.199999988079,../../images/project_ratings/im6.png,6,2,1.0
ratings_275557.csv,275557,2387.4000000059605,../../images/project_ratings/im45.png,45,4,2.0
ratings_275557.csv,275557,2436.899999976158,../../images/project_ratings/im7.png,7,2,1.0
ratings_275557.csv,275557,2619.0999999940395,../../images/project_ratings/im57.png,57,4,1.0
ratings_275557.csv,275557,1859.699999988079,../../images/project_ratings/im1.png,1,1,1.0
ratings_275557.csv,275557,1752.7000000178814,../../images/project_ratings/im16.png,16,2,3.0
ratings_275557.csv,275557,2938.7000000178814,../../images/project_ratings/im0.png,0,3,3.0
ratings_275557.csv,275557,2586.300000011921,../../images/project_ratings/im15.png,15,1,1.0
ratings_275557.csv,275557,1369.9000000059605,../../images/project_ratings/im5.png,5,3,1.0
ratings_275557.csv,275557,1319.0,../../images/project_ratings/im11.png,11,2,1.0
ratings_275557.csv,275557,2754.300000011921,../../images/project_ratings/im9.png,9,1,2.0
ratings_275557.csv,275557,2553.5999999940395,../../images/project_ratings/im8.png,8,1,1.0
ratings_275557.csv,275557,1937.699999988079,../../images/project_ratings/im12.png,12,3,1.0
ratings_275557.csv,275557,1406.2000000178814,../../images/project_ratings/im43.png,43,3,1.0
ratings_275557.csv,275557,1736.2000000178814,../../images/project_ratings/im37.png,37,1,1.0
