source_file,subject_id,rt,stimulus_image,image_idx,response,correct_choice,choices,correct
obj_2afc_190744.csv,190744,734.5,../../images/project_obj_2AFC/im39.png,39,1,3,"[1,3]",True
obj_2afc_190744.csv,190744,1377.20000004768,../../images/project_obj_2AFC/im41.png,41,1,4,"[4,0]",False
obj_2afc_190744.csv,190744,462.899999856949,../../images/project_obj_2AFC/im2.png,2,1,0,"[7,0]",True
obj_2afc_190744.csv,190744,726,../../images/project_obj_2AFC/im48.png,48,1,4,"[3,4]",True
obj_2afc_190744.csv,190744,936.299999952316,../../images/project_obj_2AFC/im50.png,50,1,7,"[7,1]",False
obj_2afc_190744.csv,190744,631.400000095367,../../images/project_obj_2AFC/im44.png,44,1,4,"[0,4]",True
obj_2afc_190744.csv,190744,727.200000047684,../../images/project_obj_2AFC/im33.png,33,0,3,"[3,7]",True
obj_2afc_190744.csv,190744,765.600000143051,../../images/project_obj_2AFC/im35.png,35,1,3,"[0,3]",True
obj_2afc_190744.csv,190744,522.700000047684,../../images/project_obj_2AFC/im40.png,40,1,4,"[2,4]",True
obj_2afc_190744.csv,190744,676.5,../../images/project_obj_2AFC/im27.png,27,1,2,"[1,2]",True
obj_2afc_190744.csv,190744,736.700000047684,../../images/project_obj_2AFC/im24.png,24,1,2,"[0,2]",True
obj_2afc_190744.csv,190744,705,../../images/project_obj_2AFC/im53.png,53,0,7,"[7,0]",True
obj_2afc_190744.csv,190744,741,../../images/project_obj_2AFC/im46.png,46,1,4,"[9,4]",True
obj_2afc_190744.csv,190744,515.599999904633,../../images/project_obj_2AFC/im3.png,3,1,0,"[7,0]",True
obj_2afc_190744.csv,190744,456.5,../../images/project_obj_2AFC/im26.png,26,1,2,"[7,2]",True
obj_2afc_190744.csv,190744,1472.5,../../images/project_obj_2AFC/im36.png,36,0,3,"[3,9]",True
obj_2afc_190744.csv,190744,627.5,../../images/project_obj_2AFC/im21.png,21,1,2,"[7,2]",True
obj_2afc_190744.csv,190744,783.299999952316,../../images/project_obj_2AFC/im10.png,10,0,1,"[1,9]",True
obj_2afc_190744.csv,190744,995,../../images/project_obj_2AFC/im52.png,52,1,7,"[1,7]",True
obj_2afc_190744.csv,190744,440.5,../../images/project_obj_2AFC/im19.png,19,1,1,"[7,1]",True
obj_2afc_190744.csv,190744,850,../../images/project_obj_2AFC/im42.png,42,0,4,"[4,0]",True
obj_2afc_190744.csv,190744,579.599999904633,../../images/project_obj_2AFC/im56.png,56,1,7,"[9,7]",True
obj_2afc_190744.csv,190744,830.299999952316,../../images/project_obj_2AFC/im17.png,17,0,1,"[1,0]",True
obj_2afc_190744.csv,190744,667.800000190735,../../images/project_obj_2AFC/im31.png,31,0,3,"[3,2]",True
obj_2afc_190744.csv,190744,711.299999952316,../../images/project_obj_2AFC/im49.png,49,1,4,"[2,4]",True
obj_2afc_190744.csv,190744,683.799999952316,../../images/project_obj_2AFC/im32.png,32,1,3,"[9,3]",True
obj_2afc_190744.csv,190744,480.100000143051,../../images/project_obj_2AFC/im47.png,47,1,4,"[3,4]",True
obj_2afc_190744.csv,190744,757.700000047684,../../images/project_obj_2AFC/im38.png,38,0,3,"[3,1]",True
obj_2afc_190744.csv,190744,846.399999856949,../../images/project_obj_2AFC/im55.png,55,1,7,"[9,7]",True
obj_2afc_190744.csv,190744,683.099999904633,../../images/project_obj_2AFC/im13.png,13,1,1,"[7,1]",True
obj_2afc_190744.csv,190744,1034.89999985695,../../images/project_obj_2AFC/im22.png,22,0,2,"[2,9]",True
obj_2afc_190744.csv,190744,789.399999856949,../../images/project_obj_2AFC/im51.png,51,0,7,"[7,0]",True
obj_2afc_190744.csv,190744,814.799999952316,../../images/project_obj_2AFC/im30.png,30,0,3,"[3,7]",True
obj_2afc_190744.csv,190744,554.700000047684,../../images/project_obj_2AFC/im34.png,34,0,3,"[3,1]",True
obj_2afc_190744.csv,190744,472.200000047684,../../images/project_obj_2AFC/im23.png,23,0,2,"[2,3]",True
obj_2afc_190744.csv,190744,478.700000047684,../../images/project_obj_2AFC/im4.png,4,0,0,"[0,9]",True
obj_2afc_190744.csv,190744,879.700000047684,../../images/project_obj_2AFC/im14.png,14,1,1,"[2,1]",True
obj_2afc_190744.csv,190744,472.299999952316,../../images/project_obj_2AFC/im29.png,29,0,2,"[2,7]",True
obj_2afc_190744.csv,190744,433.700000047684,../../images/project_obj_2AFC/im28.png,28,0,2,"[2,0]",True
obj_2afc_190744.csv,190744,757.799999952316,../../images/project_obj_2AFC/im54.png,54,1,7,"[2,7]",True
obj_2afc_190744.csv,190744,864,../../images/project_obj_2AFC/im58.png,58,1,7,"[9,7]",True
obj_2afc_190744.csv,190744,702.299999952316,../../images/project_obj_2AFC/im18.png,18,1,1,"[7,1]",True
obj_2afc_190744.csv,190744,569.299999952316,../../images/project_obj_2AFC/im59.png,59,1,7,"[1,7]",True
obj_2afc_190744.csv,190744,748.599999904633,../../images/project_obj_2AFC/im20.png,20,1,2,"[0,2]",True
obj_2afc_190744.csv,190744,366,../../images/project_obj_2AFC/im25.png,25,1,2,"[9,2]",True
obj_2afc_190744.csv,190744,1444.29999995232,../../images/project_obj_2AFC/im6.png,6,1,0,"[0,9]",False
obj_2afc_190744.csv,190744,684.100000143051,../../images/project_obj_2AFC/im45.png,45,0,4,"[4,7]",True
obj_2afc_190744.csv,190744,586.600000143051,../../images/project_obj_2AFC/im7.png,7,0,0,"[0,9]",True
obj_2afc_190744.csv,190744,709.799999952316,../../images/project_obj_2AFC/im57.png,57,1,7,"[2,7]",True
obj_2afc_190744.csv,190744,407.400000095367,../../images/project_obj_2AFC/im1.png,1,1,0,"[9,0]",True
obj_2afc_190744.csv,190744,1059.70000004768,../../images/project_obj_2AFC/im16.png,16,0,1,"[1,0]",True
obj_2afc_190744.csv,190744,798.599999904633,../../images/project_obj_2AFC/im0.png,0,1,0,"[9,0]",True
obj_2afc_190744.csv,190744,579.600000143051,../../images/project_obj_2AFC/im15.png,15,1,1,"[9,1]",True
obj_2afc_190744.csv,190744,685.200000047684,../../images/project_obj_2AFC/im5.png,5,0,0,"[0,2]",True
obj_2afc_190744.csv,190744,905.200000047684,../../images/project_obj_2AFC/im11.png,11,0,1,"[1,0]",True
obj_2afc_190744.csv,190744,677,../../images/project_obj_2AFC/im9.png,9,1,0,"[3,0]",True
obj_2afc_190744.csv,190744,424.399999856949,../../images/project_obj_2AFC/im8.png,8,1,0,"[2,0]",True
obj_2afc_190744.csv,190744,798.799999952316,../../images/project_obj_2AFC/im12.png,12,0,1,"[1,7]",True
obj_2afc_190744.csv,190744,679.400000095367,../../images/project_obj_2AFC/im43.png,43,0,4,"[4,2]",True
obj_2afc_190744.csv,190744,575.900000095367,../../images/project_obj_2AFC/im37.png,37,1,3,"[0,3]",True
obj_2afc_679091.csv,679091,754.799999952316,../../images/project_obj_2AFC/im39.png,39,1,3,"[1,3]",True
obj_2afc_679091.csv,679091,878.900000095367,../../images/project_obj_2AFC/im41.png,41,0,4,"[4,0]",True
obj_2afc_679091.csv,679091,636.800000190735,../../images/project_obj_2AFC/im2.png,2,1,0,"[7,0]",True
obj_2afc_679091.csv,679091,806,../../images/project_obj_2AFC/im48.png,48,1,4,"[3,4]",True
obj_2afc_679091.csv,679091,859.700000047684,../../images/project_obj_2AFC/im50.png,50,0,7,"[7,1]",True
obj_2afc_679091.csv,679091,1466.5,../../images/project_obj_2AFC/im44.png,44,1,4,"[0,4]",True
obj_2afc_679091.csv,679091,943.299999952316,../../images/project_obj_2AFC/im33.png,33,0,3,"[3,7]",True
obj_2afc_679091.csv,679091,926.700000047684,../../images/project_obj_2AFC/im35.png,35,1,3,"[0,3]",True
obj_2afc_679091.csv,679091,651.599999904633,../../images/project_obj_2AFC/im40.png,40,1,4,"[2,4]",True
obj_2afc_679091.csv,679091,586.400000095367,../../images/project_obj_2AFC/im27.png,27,1,2,"[1,2]",True
obj_2afc_679091.csv,679091,435.900000095367,../../images/project_obj_2AFC/im24.png,24,1,2,"[0,2]",True
obj_2afc_679091.csv,679091,971.599999904633,../../images/project_obj_2AFC/im53.png,53,0,7,"[7,0]",True
obj_2afc_679091.csv,679091,1699.30000019073,../../images/project_obj_2AFC/im46.png,46,0,4,"[9,4]",False
obj_2afc_679091.csv,679091,849,../../images/project_obj_2AFC/im3.png,3,1,0,"[7,0]",True
obj_2afc_679091.csv,679091,658.200000047684,../../images/project_obj_2AFC/im26.png,26,1,2,"[7,2]",True
obj_2afc_679091.csv,679091,953.400000095367,../../images/project_obj_2AFC/im36.png,36,0,3,"[3,9]",True
obj_2afc_679091.csv,679091,589.900000095367,../../images/project_obj_2AFC/im21.png,21,1,2,"[7,2]",True
obj_2afc_679091.csv,679091,996.700000047684,../../images/project_obj_2AFC/im10.png,10,0,1,"[1,9]",True
obj_2afc_679091.csv,679091,770,../../images/project_obj_2AFC/im52.png,52,1,7,"[1,7]",True
obj_2afc_679091.csv,679091,828.800000190735,../../images/project_obj_2AFC/im19.png,19,1,1,"[7,1]",True
obj_2afc_679091.csv,679091,786.100000143051,../../images/project_obj_2AFC/im42.png,42,0,4,"[4,0]",True
obj_2afc_679091.csv,679091,802.799999952316,../../images/project_obj_2AFC/im56.png,56,1,7,"[9,7]",True
obj_2afc_679091.csv,679091,800.799999952316,../../images/project_obj_2AFC/im17.png,17,0,1,"[1,0]",True
obj_2afc_679091.csv,679091,982.100000143051,../../images/project_obj_2AFC/im31.png,31,0,3,"[3,2]",True
obj_2afc_679091.csv,679091,752.700000047684,../../images/project_obj_2AFC/im49.png,49,1,4,"[2,4]",True
obj_2afc_679091.csv,679091,719.5,../../images/project_obj_2AFC/im32.png,32,1,3,"[9,3]",True
obj_2afc_679091.csv,679091,733.5,../../images/project_obj_2AFC/im47.png,47,1,4,"[3,4]",True
obj_2afc_679091.csv,679091,794,../../images/project_obj_2AFC/im38.png,38,0,3,"[3,1]",True
obj_2afc_679091.csv,679091,857.099999904633,../../images/project_obj_2AFC/im55.png,55,1,7,"[9,7]",True
obj_2afc_679091.csv,679091,1153.40000009537,../../images/project_obj_2AFC/im13.png,13,1,1,"[7,1]",True
obj_2afc_679091.csv,679091,743.100000143051,../../images/project_obj_2AFC/im22.png,22,0,2,"[2,9]",True
obj_2afc_679091.csv,679091,801.299999952316,../../images/project_obj_2AFC/im51.png,51,0,7,"[7,0]",True
obj_2afc_679091.csv,679091,818.099999904633,../../images/project_obj_2AFC/im30.png,30,0,3,"[3,7]",True
obj_2afc_679091.csv,679091,701.400000095367,../../images/project_obj_2AFC/im34.png,34,0,3,"[3,1]",True
obj_2afc_679091.csv,679091,727.5,../../images/project_obj_2AFC/im23.png,23,0,2,"[2,3]",True
obj_2afc_679091.csv,679091,776.399999856949,../../images/project_obj_2AFC/im4.png,4,0,0,"[0,9]",True
obj_2afc_679091.csv,679091,819,../../images/project_obj_2AFC/im14.png,14,1,1,"[2,1]",True
obj_2afc_679091.csv,679091,773.399999856949,../../images/project_obj_2AFC/im29.png,29,0,2,"[2,7]",True
obj_2afc_679091.csv,679091,637.100000143051,../../images/project_obj_2AFC/im28.png,28,0,2,"[2,0]",True
obj_2afc_679091.csv,679091,580.300000190735,../../images/project_obj_2AFC/im54.png,54,1,7,"[2,7]",True
obj_2afc_679091.csv,679091,743.600000143051,../../images/project_obj_2AFC/im58.png,58,1,7,"[9,7]",True
obj_2afc_679091.csv,679091,899,../../images/project_obj_2AFC/im18.png,18,1,1,"[7,1]",True
obj_2afc_679091.csv,679091,681.099999904633,../../images/project_obj_2AFC/im59.png,59,1,7,"[1,7]",True
obj_2afc_679091.csv,679091,613.099999904633,../../images/project_obj_2AFC/im20.png,20,1,2,"[0,2]",True
obj_2afc_679091.csv,679091,508.5,../../images/project_obj_2AFC/im25.png,25,1,2,"[9,2]",True
obj_2afc_679091.csv,679091,1578.79999995232,../../images/project_obj_2AFC/im6.png,6,0,0,"[0,9]",True
obj_2afc_679091.csv,679091,708.899999856949,../../images/project_obj_2AFC/im45.png,45,0,4,"[4,7]",True
obj_2afc_679091.csv,679091,601.299999952316,../../images/project_obj_2AFC/im7.png,7,0,0,"[0,9]",True
obj_2afc_679091.csv,679091,696.200000047684,../../images/project_obj_2AFC/im57.png,57,1,7,"[2,7]",True
obj_2afc_679091.csv,679091,700.100000143051,../../images/project_obj_2AFC/im1.png,1,1,0,"[9,0]",True
obj_2afc_679091.csv,679091,955.5,../../images/project_obj_2AFC/im16.png,16,0,1,"[1,0]",True
obj_2afc_679091.csv,679091,676.5,../../images/project_obj_2AFC/im0.png,0,1,0,"[9,0]",True
obj_2afc_679091.csv,679091,1019.30000019073,../../images/project_obj_2AFC/im15.png,15,1,1,"[9,1]",True
obj_2afc_679091.csv,679091,821.900000095367,../../images/project_obj_2AFC/im5.png,5,0,0,"[0,2]",True
obj_2afc_679091.csv,679091,709.599999904633,../../images/project_obj_2AFC/im11.png,11,0,1,"[1,0]",True
obj_2afc_679091.csv,679091,781.900000095367,../../images/project_obj_2AFC/im9.png,9,1,0,"[3,0]",True
obj_2afc_679091.csv,679091,608.900000095367,../../images/project_obj_2AFC/im8.png,8,1,0,"[2,0]",True
obj_2afc_679091.csv,679091,758,../../images/project_obj_2AFC/im12.png,12,0,1,"[1,7]",True
obj_2afc_679091.csv,679091,752.800000190735,../../images/project_obj_2AFC/im43.png,43,0,4,"[4,2]",True
obj_2afc_679091.csv,679091,763.100000143051,../../images/project_obj_2AFC/im37.png,37,1,3,"[0,3]",True
obj_2afc_585252.csv,585252,899.20000000298,../../images/project_obj_2AFC/im39.png,39,1,3,"[1,3]",True
obj_2afc_585252.csv,585252,1121.39999999851,../../images/project_obj_2AFC/im41.png,41,0,4,"[4,0]",True
obj_2afc_585252.csv,585252,924.19999999553,../../images/project_obj_2AFC/im2.png,2,1,0,"[7,0]",True
obj_2afc_585252.csv,585252,971.10000000149,../../images/project_obj_2AFC/im48.png,48,1,4,"[3,4]",True
obj_2afc_585252.csv,585252,991.39999999851,../../images/project_obj_2AFC/im50.png,50,0,7,"[7,1]",True
obj_2afc_585252.csv,585252,973,../../images/project_obj_2AFC/im44.png,44,1,4,"[0,4]",True
obj_2afc_585252.csv,585252,841.10000000149,../../images/project_obj_2AFC/im33.png,33,0,3,"[3,7]",True
obj_2afc_585252.csv,585252,1038.89999999851,../../images/project_obj_2AFC/im35.png,35,1,3,"[0,3]",True
obj_2afc_585252.csv,585252,888.80000000447,../../images/project_obj_2AFC/im40.png,40,1,4,"[2,4]",True
obj_2afc_585252.csv,585252,856.19999999553,../../images/project_obj_2AFC/im27.png,27,1,2,"[1,2]",True
obj_2afc_585252.csv,585252,1074.5,../../images/project_obj_2AFC/im24.png,24,1,2,"[0,2]",True
obj_2afc_585252.csv,585252,940.69999999553,../../images/project_obj_2AFC/im53.png,53,0,7,"[7,0]",True
obj_2afc_585252.csv,585252,1039.19999999553,../../images/project_obj_2AFC/im46.png,46,1,4,"[9,4]",True
obj_2afc_585252.csv,585252,842.5,../../images/project_obj_2AFC/im3.png,3,1,0,"[7,0]",True
obj_2afc_585252.csv,585252,923.89999999851,../../images/project_obj_2AFC/im26.png,26,1,2,"[7,2]",True
obj_2afc_585252.csv,585252,973.89999999851,../../images/project_obj_2AFC/im36.png,36,0,3,"[3,9]",True
obj_2afc_585252.csv,585252,823.39999999851,../../images/project_obj_2AFC/im21.png,21,1,2,"[7,2]",True
obj_2afc_585252.csv,585252,889.39999999851,../../images/project_obj_2AFC/im10.png,10,0,1,"[1,9]",True
obj_2afc_585252.csv,585252,840.10000000149,../../images/project_obj_2AFC/im52.png,52,1,7,"[1,7]",True
obj_2afc_585252.csv,585252,756.89999999851,../../images/project_obj_2AFC/im19.png,19,1,1,"[7,1]",True
obj_2afc_585252.csv,585252,838.29999999702,../../images/project_obj_2AFC/im42.png,42,0,4,"[4,0]",True
obj_2afc_585252.csv,585252,956.60000000149,../../images/project_obj_2AFC/im56.png,56,1,7,"[9,7]",True
obj_2afc_585252.csv,585252,1206.19999999553,../../images/project_obj_2AFC/im17.png,17,0,1,"[1,0]",True
obj_2afc_585252.csv,585252,955.89999999851,../../images/project_obj_2AFC/im31.png,31,0,3,"[3,2]",True
obj_2afc_585252.csv,585252,906.69999999553,../../images/project_obj_2AFC/im49.png,49,1,4,"[2,4]",True
obj_2afc_585252.csv,585252,955.70000000298,../../images/project_obj_2AFC/im32.png,32,1,3,"[9,3]",True
obj_2afc_585252.csv,585252,889.5,../../images/project_obj_2AFC/im47.png,47,1,4,"[3,4]",True
obj_2afc_585252.csv,585252,906.39999999851,../../images/project_obj_2AFC/im38.png,38,0,3,"[3,1]",True
obj_2afc_585252.csv,585252,889.89999999851,../../images/project_obj_2AFC/im55.png,55,1,7,"[9,7]",True
obj_2afc_585252.csv,585252,2155.5,../../images/project_obj_2AFC/im13.png,13,1,1,"[7,1]",True
obj_2afc_585252.csv,585252,856.20000000298,../../images/project_obj_2AFC/im22.png,22,0,2,"[2,9]",True
obj_2afc_585252.csv,585252,1172.79999999702,../../images/project_obj_2AFC/im51.png,51,0,7,"[7,0]",True
obj_2afc_585252.csv,585252,974.40000000596,../../images/project_obj_2AFC/im30.png,30,0,3,"[3,7]",True
obj_2afc_585252.csv,585252,873,../../images/project_obj_2AFC/im34.png,34,0,3,"[3,1]",True
obj_2afc_585252.csv,585252,888.20000000298,../../images/project_obj_2AFC/im23.png,23,0,2,"[2,3]",True
obj_2afc_585252.csv,585252,971.5,../../images/project_obj_2AFC/im4.png,4,0,0,"[0,9]",True
obj_2afc_585252.csv,585252,1005.69999999553,../../images/project_obj_2AFC/im14.png,14,1,1,"[2,1]",True
obj_2afc_585252.csv,585252,923.30000000447,../../images/project_obj_2AFC/im29.png,29,0,2,"[2,7]",True
obj_2afc_585252.csv,585252,838,../../images/project_obj_2AFC/im28.png,28,0,2,"[2,0]",True
obj_2afc_585252.csv,585252,1074.19999999553,../../images/project_obj_2AFC/im54.png,54,1,7,"[2,7]",True
obj_2afc_585252.csv,585252,939.10000000149,../../images/project_obj_2AFC/im58.png,58,1,7,"[9,7]",True
obj_2afc_585252.csv,585252,922.89999999851,../../images/project_obj_2AFC/im18.png,18,1,1,"[7,1]",True
obj_2afc_585252.csv,585252,859.89999999851,../../images/project_obj_2AFC/im59.png,59,1,7,"[1,7]",True
obj_2afc_585252.csv,585252,1073.69999999553,../../images/project_obj_2AFC/im20.png,20,1,2,"[0,2]",True
obj_2afc_585252.csv,585252,739.09999999404,../../images/project_obj_2AFC/im25.png,25,1,2,"[9,2]",True
obj_2afc_585252.csv,585252,940.10000000149,../../images/project_obj_2AFC/im6.png,6,0,0,"[0,9]",True
obj_2afc_585252.csv,585252,756.39999999851,../../images/project_obj_2AFC/im45.png,45,0,4,"[4,7]",True
obj_2afc_585252.csv,585252,806.60000000149,../../images/project_obj_2AFC/im7.png,7,0,0,"[0,9]",True
obj_2afc_585252.csv,585252,1073.70000000298,../../images/project_obj_2AFC/im57.png,57,1,7,"[2,7]",True
obj_2afc_585252.csv,585252,790.30000000447,../../images/project_obj_2AFC/im1.png,1,1,0,"[9,0]",True
obj_2afc_585252.csv,585252,1156.20000000298,../../images/project_obj_2AFC/im16.png,16,0,1,"[1,0]",True
obj_2afc_585252.csv,585252,939.39999999851,../../images/project_obj_2AFC/im0.png,0,1,0,"[9,0]",True
obj_2afc_585252.csv,585252,822.19999999553,../../images/project_obj_2AFC/im15.png,15,1,1,"[9,1]",True
obj_2afc_585252.csv,585252,1157.79999999702,../../images/project_obj_2AFC/im5.png,5,0,0,"[0,2]",True
obj_2afc_585252.csv,585252,1089.19999999553,../../images/project_obj_2AFC/im11.png,11,0,1,"[1,0]",True
obj_2afc_585252.csv,585252,990.39999999851,../../images/project_obj_2AFC/im9.png,9,1,0,"[3,0]",True
obj_2afc_585252.csv,585252,940,../../images/project_obj_2AFC/im8.png,8,1,0,"[2,0]",True
obj_2afc_585252.csv,585252,838.89999999851,../../images/project_obj_2AFC/im12.png,12,0,1,"[1,7]",True
obj_2afc_585252.csv,585252,1023.29999999702,../../images/project_obj_2AFC/im43.png,43,0,4,"[4,2]",True
obj_2afc_585252.csv,585252,1021.79999999702,../../images/project_obj_2AFC/im37.png,37,1,3,"[0,3]",True
obj_2afc_950525.csv,950525,1952.09999999404,../../images/project_obj_2AFC/im39.png,39,1,3,"[1,3]",True
obj_2afc_950525.csv,950525,2458.5,../../images/project_obj_2AFC/im41.png,41,1,4,"[4,0]",False
obj_2afc_950525.csv,950525,1945.5,../../images/project_obj_2AFC/im2.png,2,1,0,"[7,0]",True
obj_2afc_950525.csv,950525,940.600000008941,../../images/project_obj_2AFC/im48.png,48,1,4,"[3,4]",True
obj_2afc_950525.csv,950525,1391.70000000298,../../images/project_obj_2AFC/im50.png,50,0,7,"[7,1]",True
obj_2afc_950525.csv,950525,1132.29999999702,../../images/project_obj_2AFC/im44.png,44,1,4,"[0,4]",True
obj_2afc_950525.csv,950525,871.399999991059,../../images/project_obj_2AFC/im33.png,33,0,3,"[3,7]",True
obj_2afc_950525.csv,950525,1516.69999998808,../../images/project_obj_2AFC/im35.png,35,1,3,"[0,3]",True
obj_2afc_950525.csv,950525,901.100000008941,../../images/project_obj_2AFC/im40.png,40,1,4,"[2,4]",True
obj_2afc_950525.csv,950525,863.79999999702,../../images/project_obj_2AFC/im27.png,27,1,2,"[1,2]",True
obj_2afc_950525.csv,950525,772.59999999404,../../images/project_obj_2AFC/im24.png,24,1,2,"[0,2]",True
obj_2afc_950525.csv,950525,974.70000000298,../../images/project_obj_2AFC/im53.png,53,0,7,"[7,0]",True
obj_2afc_950525.csv,950525,667.70000000298,../../images/project_obj_2AFC/im46.png,46,1,4,"[9,4]",True
obj_2afc_950525.csv,950525,650.20000000298,../../images/project_obj_2AFC/im3.png,3,1,0,"[7,0]",True
obj_2afc_950525.csv,950525,1334,../../images/project_obj_2AFC/im26.png,26,1,2,"[7,2]",True
obj_2afc_950525.csv,950525,893.5,../../images/project_obj_2AFC/im36.png,36,0,3,"[3,9]",True
obj_2afc_950525.csv,950525,671.5,../../images/project_obj_2AFC/im21.png,21,1,2,"[7,2]",True
obj_2afc_950525.csv,950525,1366.59999999404,../../images/project_obj_2AFC/im10.png,10,0,1,"[1,9]",True
obj_2afc_950525.csv,950525,844.79999999702,../../images/project_obj_2AFC/im52.png,52,1,7,"[1,7]",True
obj_2afc_950525.csv,950525,779,../../images/project_obj_2AFC/im19.png,19,1,1,"[7,1]",True
obj_2afc_950525.csv,950525,820.100000008941,../../images/project_obj_2AFC/im42.png,42,0,4,"[4,0]",True
obj_2afc_950525.csv,950525,628.79999999702,../../images/project_obj_2AFC/im56.png,56,1,7,"[9,7]",True
obj_2afc_950525.csv,950525,1957,../../images/project_obj_2AFC/im17.png,17,1,1,"[1,0]",False
obj_2afc_950525.csv,950525,1068.29999999702,../../images/project_obj_2AFC/im31.png,31,0,3,"[3,2]",True
obj_2afc_950525.csv,950525,579.699999988079,../../images/project_obj_2AFC/im49.png,49,1,4,"[2,4]",True
obj_2afc_950525.csv,950525,1036.5,../../images/project_obj_2AFC/im32.png,32,1,3,"[9,3]",True
obj_2afc_950525.csv,950525,627.29999999702,../../images/project_obj_2AFC/im47.png,47,1,4,"[3,4]",True
obj_2afc_950525.csv,950525,620,../../images/project_obj_2AFC/im38.png,38,0,3,"[3,1]",True
obj_2afc_950525.csv,950525,678.79999999702,../../images/project_obj_2AFC/im55.png,55,1,7,"[9,7]",True
obj_2afc_950525.csv,950525,932.40000000596,../../images/project_obj_2AFC/im13.png,13,0,1,"[7,1]",False
obj_2afc_950525.csv,950525,894.09999999404,../../images/project_obj_2AFC/im22.png,22,0,2,"[2,9]",True
obj_2afc_950525.csv,950525,888.79999999702,../../images/project_obj_2AFC/im51.png,51,0,7,"[7,0]",True
obj_2afc_950525.csv,950525,714.5,../../images/project_obj_2AFC/im30.png,30,0,3,"[3,7]",True
obj_2afc_950525.csv,950525,907.100000008941,../../images/project_obj_2AFC/im34.png,34,0,3,"[3,1]",True
obj_2afc_950525.csv,950525,708.40000000596,../../images/project_obj_2AFC/im23.png,23,0,2,"[2,3]",True
obj_2afc_950525.csv,950525,746,../../images/project_obj_2AFC/im4.png,4,0,0,"[0,9]",True
obj_2afc_950525.csv,950525,624.40000000596,../../images/project_obj_2AFC/im14.png,14,1,1,"[2,1]",True
obj_2afc_950525.csv,950525,582.40000000596,../../images/project_obj_2AFC/im29.png,29,0,2,"[2,7]",True
obj_2afc_950525.csv,950525,568.40000000596,../../images/project_obj_2AFC/im28.png,28,0,2,"[2,0]",True
obj_2afc_950525.csv,950525,698,../../images/project_obj_2AFC/im54.png,54,1,7,"[2,7]",True
obj_2afc_950525.csv,950525,499.70000000298,../../images/project_obj_2AFC/im58.png,58,1,7,"[9,7]",True
obj_2afc_950525.csv,950525,667.70000000298,../../images/project_obj_2AFC/im18.png,18,1,1,"[7,1]",True
obj_2afc_950525.csv,950525,529.20000000298,../../images/project_obj_2AFC/im59.png,59,1,7,"[1,7]",True
obj_2afc_950525.csv,950525,561.79999999702,../../images/project_obj_2AFC/im20.png,20,1,2,"[0,2]",True
obj_2afc_950525.csv,950525,616,../../images/project_obj_2AFC/im25.png,25,1,2,"[9,2]",True
obj_2afc_950525.csv,950525,820.40000000596,../../images/project_obj_2AFC/im6.png,6,0,0,"[0,9]",True
obj_2afc_950525.csv,950525,2145.89999999106,../../images/project_obj_2AFC/im45.png,45,1,4,"[4,7]",False
obj_2afc_950525.csv,950525,600.399999991059,../../images/project_obj_2AFC/im7.png,7,0,0,"[0,9]",True
obj_2afc_950525.csv,950525,576.199999988079,../../images/project_obj_2AFC/im57.png,57,1,7,"[2,7]",True
obj_2afc_950525.csv,950525,562.300000011921,../../images/project_obj_2AFC/im1.png,1,1,0,"[9,0]",True
obj_2afc_950525.csv,950525,919.70000000298,../../images/project_obj_2AFC/im16.png,16,1,1,"[1,0]",False
obj_2afc_950525.csv,950525,569,../../images/project_obj_2AFC/im0.png,0,1,0,"[9,0]",True
obj_2afc_950525.csv,950525,926.399999991059,../../images/project_obj_2AFC/im15.png,15,1,1,"[9,1]",True
obj_2afc_950525.csv,950525,667.600000008941,../../images/project_obj_2AFC/im5.png,5,0,0,"[0,2]",True
obj_2afc_950525.csv,950525,1633.30000001192,../../images/project_obj_2AFC/im11.png,11,0,1,"[1,0]",True
obj_2afc_950525.csv,950525,578.399999991059,../../images/project_obj_2AFC/im9.png,9,1,0,"[3,0]",True
obj_2afc_950525.csv,950525,1123.59999999404,../../images/project_obj_2AFC/im8.png,8,0,0,"[2,0]",False
obj_2afc_950525.csv,950525,1137.5,../../images/project_obj_2AFC/im12.png,12,0,1,"[1,7]",True
obj_2afc_950525.csv,950525,679.79999999702,../../images/project_obj_2AFC/im37.png,37,1,3,"[0,3]",True
obj_2afc_297346.csv,297346,1207.59999990463,../../images/project_obj_2AFC/im39.png,39,1,3,"[1,3]",True
obj_2afc_297346.csv,297346,685.5,../../images/project_obj_2AFC/im2.png,2,1,0,"[7,0]",True
obj_2afc_297346.csv,297346,824.600000143051,../../images/project_obj_2AFC/im48.png,48,1,4,"[3,4]",True
obj_2afc_297346.csv,297346,1085.90000009537,../../images/project_obj_2AFC/im50.png,50,0,7,"[7,1]",True
obj_2afc_297346.csv,297346,1267.80000019073,../../images/project_obj_2AFC/im44.png,44,1,4,"[0,4]",True
obj_2afc_297346.csv,297346,1012.5,../../images/project_obj_2AFC/im33.png,33,0,3,"[3,7]",True
obj_2afc_297346.csv,297346,722.299999952316,../../images/project_obj_2AFC/im35.png,35,1,3,"[0,3]",True
obj_2afc_297346.csv,297346,960.599999904633,../../images/project_obj_2AFC/im40.png,40,1,4,"[2,4]",True
obj_2afc_297346.csv,297346,869,../../images/project_obj_2AFC/im27.png,27,1,2,"[1,2]",True
obj_2afc_297346.csv,297346,785.400000095367,../../images/project_obj_2AFC/im24.png,24,1,2,"[0,2]",True
obj_2afc_297346.csv,297346,842.199999809265,../../images/project_obj_2AFC/im53.png,53,0,7,"[7,0]",True
obj_2afc_297346.csv,297346,863.900000095367,../../images/project_obj_2AFC/im46.png,46,1,4,"[9,4]",True
obj_2afc_297346.csv,297346,962.700000047684,../../images/project_obj_2AFC/im3.png,3,1,0,"[7,0]",True
obj_2afc_297346.csv,297346,640.199999809265,../../images/project_obj_2AFC/im26.png,26,1,2,"[7,2]",True
obj_2afc_297346.csv,297346,902.900000095367,../../images/project_obj_2AFC/im36.png,36,0,3,"[3,9]",True
obj_2afc_297346.csv,297346,601.5,../../images/project_obj_2AFC/im21.png,21,1,2,"[7,2]",True
obj_2afc_297346.csv,297346,974.900000095367,../../images/project_obj_2AFC/im10.png,10,0,1,"[1,9]",True
obj_2afc_297346.csv,297346,752.299999952316,../../images/project_obj_2AFC/im52.png,52,1,7,"[1,7]",True
obj_2afc_297346.csv,297346,656.800000190735,../../images/project_obj_2AFC/im19.png,19,1,1,"[7,1]",True
obj_2afc_297346.csv,297346,950,../../images/project_obj_2AFC/im42.png,42,0,4,"[4,0]",True
obj_2afc_297346.csv,297346,635.700000047684,../../images/project_obj_2AFC/im56.png,56,1,7,"[9,7]",True
obj_2afc_297346.csv,297346,923.399999856949,../../images/project_obj_2AFC/im17.png,17,0,1,"[1,0]",True
obj_2afc_297346.csv,297346,988.799999952316,../../images/project_obj_2AFC/im31.png,31,0,3,"[3,2]",True
obj_2afc_297346.csv,297346,649.200000047684,../../images/project_obj_2AFC/im49.png,49,1,4,"[2,4]",True
obj_2afc_297346.csv,297346,585.100000143051,../../images/project_obj_2AFC/im32.png,32,1,3,"[9,3]",True
obj_2afc_297346.csv,297346,634.399999856949,../../images/project_obj_2AFC/im47.png,47,1,4,"[3,4]",True
obj_2afc_297346.csv,297346,837.699999809265,../../images/project_obj_2AFC/im38.png,38,0,3,"[3,1]",True
obj_2afc_297346.csv,297346,613,../../images/project_obj_2AFC/im55.png,55,1,7,"[9,7]",True
obj_2afc_297346.csv,297346,1322,../../images/project_obj_2AFC/im13.png,13,1,1,"[7,1]",True
obj_2afc_297346.csv,297346,867.099999904633,../../images/project_obj_2AFC/im22.png,22,0,2,"[2,9]",True
obj_2afc_297346.csv,297346,902,../../images/project_obj_2AFC/im51.png,51,0,7,"[7,0]",True
obj_2afc_297346.csv,297346,1010.40000009537,../../images/project_obj_2AFC/im30.png,30,0,3,"[3,7]",True
obj_2afc_297346.csv,297346,767,../../images/project_obj_2AFC/im34.png,34,0,3,"[3,1]",True
obj_2afc_297346.csv,297346,672.600000143051,../../images/project_obj_2AFC/im23.png,23,0,2,"[2,3]",True
obj_2afc_297346.csv,297346,745.299999952316,../../images/project_obj_2AFC/im4.png,4,0,0,"[0,9]",True
obj_2afc_297346.csv,297346,881.900000095367,../../images/project_obj_2AFC/im14.png,14,1,1,"[2,1]",True
obj_2afc_297346.csv,297346,742.600000143051,../../images/project_obj_2AFC/im29.png,29,0,2,"[2,7]",True
obj_2afc_297346.csv,297346,739.599999904633,../../images/project_obj_2AFC/im28.png,28,0,2,"[2,0]",True
obj_2afc_297346.csv,297346,981.699999809265,../../images/project_obj_2AFC/im54.png,54,1,7,"[2,7]",True
obj_2afc_297346.csv,297346,659.399999856949,../../images/project_obj_2AFC/im58.png,58,1,7,"[9,7]",True
obj_2afc_297346.csv,297346,854.100000143051,../../images/project_obj_2AFC/im18.png,18,1,1,"[7,1]",True
obj_2afc_297346.csv,297346,764.299999952316,../../images/project_obj_2AFC/im59.png,59,1,7,"[1,7]",True
obj_2afc_297346.csv,297346,611.700000047684,../../images/project_obj_2AFC/im20.png,20,1,2,"[0,2]",True
obj_2afc_297346.csv,297346,597.300000190735,../../images/project_obj_2AFC/im25.png,25,1,2,"[9,2]",True
obj_2afc_297346.csv,297346,2498.40000009537,../../images/project_obj_2AFC/im6.png,6,1,0,"[0,9]",False
obj_2afc_297346.csv,297346,960.5,../../images/project_obj_2AFC/im45.png,45,0,4,"[4,7]",True
obj_2afc_297346.csv,297346,929,../../images/project_obj_2AFC/im7.png,7,0,0,"[0,9]",True
obj_2afc_297346.csv,297346,585.5,../../images/project_obj_2AFC/im57.png,57,1,7,"[2,7]",True
obj_2afc_297346.csv,297346,595.5,../../images/project_obj_2AFC/im1.png,1,1,0,"[9,0]",True
obj_2afc_297346.csv,297346,1784.59999990463,../../images/project_obj_2AFC/im16.png,16,0,1,"[1,0]",True
obj_2afc_297346.csv,297346,615.900000095367,../../images/project_obj_2AFC/im0.png,0,1,0,"[9,0]",True
obj_2afc_297346.csv,297346,692.300000190735,../../images/project_obj_2AFC/im15.png,15,1,1,"[9,1]",True
obj_2afc_297346.csv,297346,966.399999856949,../../images/project_obj_2AFC/im5.png,5,0,0,"[0,2]",True
obj_2afc_297346.csv,297346,846.099999904633,../../images/project_obj_2AFC/im11.png,11,0,1,"[1,0]",True
obj_2afc_297346.csv,297346,653.900000095367,../../images/project_obj_2AFC/im9.png,9,1,0,"[3,0]",True
obj_2afc_297346.csv,297346,587.10000038147,../../images/project_obj_2AFC/im8.png,8,1,0,"[2,0]",True
obj_2afc_297346.csv,297346,813.5,../../images/project_obj_2AFC/im12.png,12,0,1,"[1,7]",True
obj_2afc_297346.csv,297346,829.5,../../images/project_obj_2AFC/im43.png,43,0,4,"[4,2]",True
obj_2afc_297346.csv,297346,814.599999904633,../../images/project_obj_2AFC/im37.png,37,1,3,"[0,3]",True
obj_2afc_215711.csv,215711,743.79999999702,../../images/project_obj_2AFC/im39.png,39,1,3,"[1,3]",True
obj_2afc_215711.csv,215711,1373.19999998808,../../images/project_obj_2AFC/im41.png,41,1,4,"[4,0]",False
obj_2afc_215711.csv,215711,640.29999999702,../../images/project_obj_2AFC/im2.png,2,1,0,"[7,0]",True
obj_2afc_215711.csv,215711,771.399999991059,../../images/project_obj_2AFC/im48.png,48,1,4,"[3,4]",True
obj_2afc_215711.csv,215711,739.79999999702,../../images/project_obj_2AFC/im50.png,50,0,7,"[7,1]",True
obj_2afc_215711.csv,215711,707.40000000596,../../images/project_obj_2AFC/im44.png,44,1,4,"[0,4]",True
obj_2afc_215711.csv,215711,823.29999999702,../../images/project_obj_2AFC/im33.png,33,0,3,"[3,7]",True
obj_2afc_215711.csv,215711,689,../../images/project_obj_2AFC/im35.png,35,1,3,"[0,3]",True
obj_2afc_215711.csv,215711,705.90000000596,../../images/project_obj_2AFC/im40.png,40,1,4,"[2,4]",True
obj_2afc_215711.csv,215711,671.699999988079,../../images/project_obj_2AFC/im27.png,27,1,2,"[1,2]",True
obj_2afc_215711.csv,215711,605.5,../../images/project_obj_2AFC/im24.png,24,1,2,"[0,2]",True
obj_2afc_215711.csv,215711,623.40000000596,../../images/project_obj_2AFC/im53.png,53,0,7,"[7,0]",True
obj_2afc_215711.csv,215711,642.40000000596,../../images/project_obj_2AFC/im46.png,46,1,4,"[9,4]",True
obj_2afc_215711.csv,215711,656.70000000298,../../images/project_obj_2AFC/im3.png,3,1,0,"[7,0]",True
obj_2afc_215711.csv,215711,638.100000008941,../../images/project_obj_2AFC/im26.png,26,1,2,"[7,2]",True
obj_2afc_215711.csv,215711,690.399999991059,../../images/project_obj_2AFC/im36.png,36,0,3,"[3,9]",True
obj_2afc_215711.csv,215711,589.899999991059,../../images/project_obj_2AFC/im21.png,21,1,2,"[7,2]",True
obj_2afc_215711.csv,215711,689.100000008941,../../images/project_obj_2AFC/im10.png,10,0,1,"[1,9]",True
obj_2afc_215711.csv,215711,722.20000000298,../../images/project_obj_2AFC/im52.png,52,1,7,"[1,7]",True
obj_2afc_215711.csv,215711,675.399999991059,../../images/project_obj_2AFC/im19.png,19,1,1,"[7,1]",True
obj_2afc_215711.csv,215711,623.20000000298,../../images/project_obj_2AFC/im42.png,42,0,4,"[4,0]",True
obj_2afc_215711.csv,215711,607.5,../../images/project_obj_2AFC/im56.png,56,1,7,"[9,7]",True
obj_2afc_215711.csv,215711,1107.29999999702,../../images/project_obj_2AFC/im17.png,17,0,1,"[1,0]",True
obj_2afc_215711.csv,215711,907.29999999702,../../images/project_obj_2AFC/im31.png,31,0,3,"[3,2]",True
obj_2afc_215711.csv,215711,1060,../../images/project_obj_2AFC/im49.png,49,1,4,"[2,4]",True
obj_2afc_215711.csv,215711,690.29999999702,../../images/project_obj_2AFC/im32.png,32,1,3,"[9,3]",True
obj_2afc_215711.csv,215711,739.100000008941,../../images/project_obj_2AFC/im47.png,47,1,4,"[3,4]",True
obj_2afc_215711.csv,215711,725.09999999404,../../images/project_obj_2AFC/im38.png,38,0,3,"[3,1]",True
obj_2afc_215711.csv,215711,1139.20000000298,../../images/project_obj_2AFC/im55.png,55,1,7,"[9,7]",True
obj_2afc_215711.csv,215711,1106.70000000298,../../images/project_obj_2AFC/im13.png,13,1,1,"[7,1]",True
obj_2afc_215711.csv,215711,590.199999988079,../../images/project_obj_2AFC/im22.png,22,0,2,"[2,9]",True
obj_2afc_215711.csv,215711,674.09999999404,../../images/project_obj_2AFC/im51.png,51,0,7,"[7,0]",True
obj_2afc_215711.csv,215711,657.40000000596,../../images/project_obj_2AFC/im30.png,30,0,3,"[3,7]",True
obj_2afc_215711.csv,215711,608,../../images/project_obj_2AFC/im34.png,34,0,3,"[3,1]",True
obj_2afc_215711.csv,215711,640.79999999702,../../images/project_obj_2AFC/im23.png,23,0,2,"[2,3]",True
obj_2afc_215711.csv,215711,705.70000000298,../../images/project_obj_2AFC/im4.png,4,0,0,"[0,9]",True
obj_2afc_215711.csv,215711,1657.5,../../images/project_obj_2AFC/im14.png,14,1,1,"[2,1]",True
obj_2afc_215711.csv,215711,623.899999991059,../../images/project_obj_2AFC/im29.png,29,0,2,"[2,7]",True
obj_2afc_215711.csv,215711,658.70000000298,../../images/project_obj_2AFC/im28.png,28,0,2,"[2,0]",True
obj_2afc_215711.csv,215711,1038.79999999702,../../images/project_obj_2AFC/im54.png,54,1,7,"[2,7]",True
obj_2afc_215711.csv,215711,2205.5,../../images/project_obj_2AFC/im58.png,58,1,7,"[9,7]",True
obj_2afc_215711.csv,215711,972.899999991059,../../images/project_obj_2AFC/im18.png,18,1,1,"[7,1]",True
obj_2afc_215711.csv,215711,873.59999999404,../../images/project_obj_2AFC/im59.png,59,1,7,"[1,7]",True
obj_2afc_215711.csv,215711,806.70000000298,../../images/project_obj_2AFC/im20.png,20,1,2,"[0,2]",True
obj_2afc_215711.csv,215711,759.29999999702,../../images/project_obj_2AFC/im25.png,25,1,2,"[9,2]",True
obj_2afc_215711.csv,215711,1224.29999999702,../../images/project_obj_2AFC/im6.png,6,1,0,"[0,9]",False
obj_2afc_215711.csv,215711,640.70000000298,../../images/project_obj_2AFC/im45.png,45,0,4,"[4,7]",True
obj_2afc_215711.csv,215711,739.40000000596,../../images/project_obj_2AFC/im7.png,7,0,0,"[0,9]",True
obj_2afc_215711.csv,215711,788.90000000596,../../images/project_obj_2AFC/im57.png,57,1,7,"[2,7]",True
obj_2afc_215711.csv,215711,2390.29999999702,../../images/project_obj_2AFC/im1.png,1,1,0,"[9,0]",True
obj_2afc_215711.csv,215711,1305.59999999404,../../images/project_obj_2AFC/im16.png,16,0,1,"[1,0]",True
obj_2afc_215711.csv,215711,655.5,../../images/project_obj_2AFC/im0.png,0,1,0,"[9,0]",True
obj_2afc_215711.csv,215711,805.40000000596,../../images/project_obj_2AFC/im15.png,15,1,1,"[9,1]",True
obj_2afc_215711.csv,215711,739.20000000298,../../images/project_obj_2AFC/im5.png,5,0,0,"[0,2]",True
obj_2afc_215711.csv,215711,1224.30000001192,../../images/project_obj_2AFC/im11.png,11,0,1,"[1,0]",True
obj_2afc_215711.csv,215711,739.800000011921,../../images/project_obj_2AFC/im9.png,9,1,0,"[3,0]",True
obj_2afc_215711.csv,215711,823.699999988079,../../images/project_obj_2AFC/im8.png,8,1,0,"[2,0]",True
obj_2afc_215711.csv,215711,823.699999988079,../../images/project_obj_2AFC/im12.png,12,0,1,"[1,7]",True
obj_2afc_215711.csv,215711,889,../../images/project_obj_2AFC/im43.png,43,0,4,"[4,2]",True
obj_2afc_215711.csv,215711,657.5,../../images/project_obj_2AFC/im37.png,37,1,3,"[0,3]",True
obj_2afc_531437.csv,531437,2493,../../images/project_obj_2AFC/im39.png,39,0,3,"[1,3]",False
obj_2afc_531437.csv,531437,1372,../../images/project_obj_2AFC/im41.png,41,0,4,"[4,0]",True
obj_2afc_531437.csv,531437,1034,../../images/project_obj_2AFC/im2.png,2,1,0,"[7,0]",True
obj_2afc_531437.csv,531437,1000,../../images/project_obj_2AFC/im48.png,48,1,4,"[3,4]",True
obj_2afc_531437.csv,531437,1424,../../images/project_obj_2AFC/im50.png,50,0,7,"[7,1]",True
obj_2afc_531437.csv,531437,1176,../../images/project_obj_2AFC/im44.png,44,0,4,"[0,4]",False
obj_2afc_531437.csv,531437,973.999999999985,../../images/project_obj_2AFC/im33.png,33,0,3,"[3,7]",True
obj_2afc_531437.csv,531437,828,../../images/project_obj_2AFC/im35.png,35,1,3,"[0,3]",True
obj_2afc_531437.csv,531437,906.000000000015,../../images/project_obj_2AFC/im40.png,40,1,4,"[2,4]",True
obj_2afc_531437.csv,531437,919,../../images/project_obj_2AFC/im27.png,27,1,2,"[1,2]",True
obj_2afc_531437.csv,531437,1001,../../images/project_obj_2AFC/im24.png,24,1,2,"[0,2]",True
obj_2afc_531437.csv,531437,892,../../images/project_obj_2AFC/im53.png,53,0,7,"[7,0]",True
obj_2afc_531437.csv,531437,850.000000000015,../../images/project_obj_2AFC/im46.png,46,1,4,"[9,4]",True
obj_2afc_531437.csv,531437,902,../../images/project_obj_2AFC/im3.png,3,1,0,"[7,0]",True
obj_2afc_531437.csv,531437,861,../../images/project_obj_2AFC/im26.png,26,1,2,"[7,2]",True
obj_2afc_531437.csv,531437,839,../../images/project_obj_2AFC/im36.png,36,0,3,"[3,9]",True
obj_2afc_531437.csv,531437,811,../../images/project_obj_2AFC/im21.png,21,1,2,"[7,2]",True
obj_2afc_531437.csv,531437,774,../../images/project_obj_2AFC/im10.png,10,0,1,"[1,9]",True
obj_2afc_531437.csv,531437,962.999999999985,../../images/project_obj_2AFC/im52.png,52,0,7,"[1,7]",False
obj_2afc_531437.csv,531437,820,../../images/project_obj_2AFC/im19.png,19,1,1,"[7,1]",True
obj_2afc_531437.csv,531437,833,../../images/project_obj_2AFC/im42.png,42,0,4,"[4,0]",True
obj_2afc_531437.csv,531437,1486.99999999999,../../images/project_obj_2AFC/im56.png,56,0,7,"[9,7]",False
obj_2afc_531437.csv,531437,1128.00000000001,../../images/project_obj_2AFC/im17.png,17,0,1,"[1,0]",True
obj_2afc_531437.csv,531437,924,../../images/project_obj_2AFC/im31.png,31,0,3,"[3,2]",True
obj_2afc_531437.csv,531437,1172,../../images/project_obj_2AFC/im49.png,49,1,4,"[2,4]",True
obj_2afc_531437.csv,531437,1064,../../images/project_obj_2AFC/im32.png,32,1,3,"[9,3]",True
obj_2afc_531437.csv,531437,913,../../images/project_obj_2AFC/im47.png,47,1,4,"[3,4]",True
obj_2afc_531437.csv,531437,855,../../images/project_obj_2AFC/im38.png,38,0,3,"[3,1]",True
obj_2afc_531437.csv,531437,877,../../images/project_obj_2AFC/im55.png,55,0,7,"[9,7]",False
obj_2afc_531437.csv,531437,874,../../images/project_obj_2AFC/im13.png,13,1,1,"[7,1]",True
obj_2afc_531437.csv,531437,843,../../images/project_obj_2AFC/im22.png,22,0,2,"[2,9]",True
obj_2afc_531437.csv,531437,937,../../images/project_obj_2AFC/im51.png,51,0,7,"[7,0]",True
obj_2afc_531437.csv,531437,833,../../images/project_obj_2AFC/im30.png,30,0,3,"[3,7]",True
obj_2afc_531437.csv,531437,828,../../images/project_obj_2AFC/im34.png,34,0,3,"[3,1]",True
obj_2afc_531437.csv,531437,831.999999999971,../../images/project_obj_2AFC/im23.png,23,0,2,"[2,3]",True
obj_2afc_531437.csv,531437,754,../../images/project_obj_2AFC/im4.png,4,0,0,"[0,9]",True
obj_2afc_531437.csv,531437,1016.99999999997,../../images/project_obj_2AFC/im14.png,14,1,1,"[2,1]",True
obj_2afc_531437.csv,531437,847,../../images/project_obj_2AFC/im29.png,29,0,2,"[2,7]",True
obj_2afc_531437.csv,531437,936,../../images/project_obj_2AFC/im28.png,28,0,2,"[2,0]",True
obj_2afc_531437.csv,531437,1082,../../images/project_obj_2AFC/im54.png,54,1,7,"[2,7]",True
obj_2afc_531437.csv,531437,796,../../images/project_obj_2AFC/im58.png,58,0,7,"[9,7]",False
obj_2afc_531437.csv,531437,816,../../images/project_obj_2AFC/im18.png,18,1,1,"[7,1]",True
obj_2afc_531437.csv,531437,1117,../../images/project_obj_2AFC/im59.png,59,1,7,"[1,7]",True
obj_2afc_531437.csv,531437,848,../../images/project_obj_2AFC/im20.png,20,1,2,"[0,2]",True
obj_2afc_531437.csv,531437,779.000000000029,../../images/project_obj_2AFC/im25.png,25,1,2,"[9,2]",True
obj_2afc_531437.csv,531437,1238,../../images/project_obj_2AFC/im6.png,6,1,0,"[0,9]",False
obj_2afc_531437.csv,531437,1110.99999999997,../../images/project_obj_2AFC/im45.png,45,0,4,"[4,7]",True
obj_2afc_531437.csv,531437,978,../../images/project_obj_2AFC/im7.png,7,0,0,"[0,9]",True
obj_2afc_531437.csv,531437,953,../../images/project_obj_2AFC/im57.png,57,1,7,"[2,7]",True
obj_2afc_531437.csv,531437,791,../../images/project_obj_2AFC/im1.png,1,1,0,"[9,0]",True
obj_2afc_531437.csv,531437,884,../../images/project_obj_2AFC/im16.png,16,0,1,"[1,0]",True
obj_2afc_531437.csv,531437,851,../../images/project_obj_2AFC/im0.png,0,1,0,"[9,0]",True
obj_2afc_531437.csv,531437,942,../../images/project_obj_2AFC/im15.png,15,1,1,"[9,1]",True
obj_2afc_531437.csv,531437,783,../../images/project_obj_2AFC/im5.png,5,0,0,"[0,2]",True
obj_2afc_531437.csv,531437,1316,../../images/project_obj_2AFC/im11.png,11,0,1,"[1,0]",True
obj_2afc_531437.csv,531437,979,../../images/project_obj_2AFC/im9.png,9,1,0,"[3,0]",True
obj_2afc_531437.csv,531437,945,../../images/project_obj_2AFC/im8.png,8,1,0,"[2,0]",True
obj_2afc_531437.csv,531437,1437,../../images/project_obj_2AFC/im12.png,12,0,1,"[1,7]",True
obj_2afc_531437.csv,531437,973,../../images/project_obj_2AFC/im43.png,43,0,4,"[4,2]",True
obj_2afc_531437.csv,531437,2423,../../images/project_obj_2AFC/im37.png,37,0,3,"[0,3]",False
obj_2afc_698718.csv,698718,762,../../images/project_obj_2AFC/im39.png,39,1,3,"[1,3]",True
obj_2afc_698718.csv,698718,987.59999999404,../../images/project_obj_2AFC/im41.png,41,1,4,"[4,0]",False
obj_2afc_698718.csv,698718,1089.70000000298,../../images/project_obj_2AFC/im2.png,2,1,0,"[7,0]",True
obj_2afc_698718.csv,698718,790.70000000298,../../images/project_obj_2AFC/im48.png,48,1,4,"[3,4]",True
obj_2afc_698718.csv,698718,638.79999999702,../../images/project_obj_2AFC/im50.png,50,1,7,"[7,1]",False
obj_2afc_698718.csv,698718,1039.29999999702,../../images/project_obj_2AFC/im44.png,44,1,4,"[0,4]",True
obj_2afc_698718.csv,698718,820.79999999702,../../images/project_obj_2AFC/im33.png,33,0,3,"[3,7]",True
obj_2afc_698718.csv,698718,941.70000000298,../../images/project_obj_2AFC/im35.png,35,1,3,"[0,3]",True
obj_2afc_698718.csv,698718,804.699999988079,../../images/project_obj_2AFC/im40.png,40,1,4,"[2,4]",True
obj_2afc_698718.csv,698718,522.29999999702,../../images/project_obj_2AFC/im27.png,27,1,2,"[1,2]",True
obj_2afc_698718.csv,698718,589,../../images/project_obj_2AFC/im24.png,24,1,2,"[0,2]",True
obj_2afc_698718.csv,698718,1071,../../images/project_obj_2AFC/im53.png,53,0,7,"[7,0]",True
obj_2afc_698718.csv,698718,889.90000000596,../../images/project_obj_2AFC/im46.png,46,1,4,"[9,4]",True
obj_2afc_698718.csv,698718,555.5,../../images/project_obj_2AFC/im3.png,3,1,0,"[7,0]",True
obj_2afc_698718.csv,698718,505.100000008941,../../images/project_obj_2AFC/im26.png,26,1,2,"[7,2]",True
obj_2afc_698718.csv,698718,956.90000000596,../../images/project_obj_2AFC/im36.png,36,0,3,"[3,9]",True
obj_2afc_698718.csv,698718,1089,../../images/project_obj_2AFC/im21.png,21,1,2,"[7,2]",True
obj_2afc_698718.csv,698718,1005.29999999702,../../images/project_obj_2AFC/im10.png,10,0,1,"[1,9]",True
obj_2afc_698718.csv,698718,823.399999991059,../../images/project_obj_2AFC/im19.png,19,1,1,"[7,1]",True
obj_2afc_698718.csv,698718,922.199999988079,../../images/project_obj_2AFC/im42.png,42,0,4,"[4,0]",True
obj_2afc_698718.csv,698718,907.40000000596,../../images/project_obj_2AFC/im56.png,56,0,7,"[9,7]",False
obj_2afc_698718.csv,698718,922.59999999404,../../images/project_obj_2AFC/im17.png,17,0,1,"[1,0]",True
obj_2afc_698718.csv,698718,855.199999988079,../../images/project_obj_2AFC/im31.png,31,0,3,"[3,2]",True
obj_2afc_698718.csv,698718,906.20000000298,../../images/project_obj_2AFC/im49.png,49,1,4,"[2,4]",True
obj_2afc_698718.csv,698718,788.800000011921,../../images/project_obj_2AFC/im32.png,32,1,3,"[9,3]",True
obj_2afc_698718.csv,698718,625.100000008941,../../images/project_obj_2AFC/im47.png,47,1,4,"[3,4]",True
obj_2afc_698718.csv,698718,872.70000000298,../../images/project_obj_2AFC/im38.png,38,0,3,"[3,1]",True
obj_2afc_698718.csv,698718,806.20000000298,../../images/project_obj_2AFC/im55.png,55,1,7,"[9,7]",True
obj_2afc_698718.csv,698718,1455.39999999106,../../images/project_obj_2AFC/im13.png,13,1,1,"[7,1]",True
obj_2afc_698718.csv,698718,955.600000008941,../../images/project_obj_2AFC/im22.png,22,0,2,"[2,9]",True
obj_2afc_698718.csv,698718,925.20000000298,../../images/project_obj_2AFC/im51.png,51,0,7,"[7,0]",True
obj_2afc_698718.csv,698718,788.90000000596,../../images/project_obj_2AFC/im30.png,30,0,3,"[3,7]",True
obj_2afc_698718.csv,698718,539.90000000596,../../images/project_obj_2AFC/im34.png,34,0,3,"[3,1]",True
obj_2afc_698718.csv,698718,505.399999991059,../../images/project_obj_2AFC/im23.png,23,0,2,"[2,3]",True
obj_2afc_698718.csv,698718,722.79999999702,../../images/project_obj_2AFC/im4.png,4,0,0,"[0,9]",True
obj_2afc_698718.csv,698718,1188.79999999702,../../images/project_obj_2AFC/im14.png,14,1,1,"[2,1]",True
obj_2afc_698718.csv,698718,1154.10000000894,../../images/project_obj_2AFC/im29.png,29,0,2,"[2,7]",True
obj_2afc_698718.csv,698718,706.09999999404,../../images/project_obj_2AFC/im28.png,28,0,2,"[2,0]",True
obj_2afc_698718.csv,698718,944.20000000298,../../images/project_obj_2AFC/im54.png,54,1,7,"[2,7]",True
obj_2afc_698718.csv,698718,639.59999999404,../../images/project_obj_2AFC/im58.png,58,1,7,"[9,7]",True
obj_2afc_698718.csv,698718,1054.70000000298,../../images/project_obj_2AFC/im18.png,18,1,1,"[7,1]",True
obj_2afc_698718.csv,698718,538.70000000298,../../images/project_obj_2AFC/im59.png,59,1,7,"[1,7]",True
obj_2afc_698718.csv,698718,471,../../images/project_obj_2AFC/im20.png,20,1,2,"[0,2]",True
obj_2afc_698718.csv,698718,472.5,../../images/project_obj_2AFC/im25.png,25,1,2,"[9,2]",True
obj_2afc_698718.csv,698718,1287.90000000596,../../images/project_obj_2AFC/im6.png,6,0,0,"[0,9]",True
obj_2afc_698718.csv,698718,905.20000000298,../../images/project_obj_2AFC/im45.png,45,0,4,"[4,7]",True
obj_2afc_698718.csv,698718,772.79999999702,../../images/project_obj_2AFC/im7.png,7,0,0,"[0,9]",True
obj_2afc_698718.csv,698718,1188.90000000596,../../images/project_obj_2AFC/im57.png,57,0,7,"[2,7]",False
obj_2afc_698718.csv,698718,1554.19999998808,../../images/project_obj_2AFC/im1.png,1,1,0,"[9,0]",True
obj_2afc_698718.csv,698718,1038.40000000596,../../images/project_obj_2AFC/im16.png,16,1,1,"[1,0]",False
obj_2afc_698718.csv,698718,755,../../images/project_obj_2AFC/im0.png,0,1,0,"[9,0]",True
obj_2afc_698718.csv,698718,587.70000000298,../../images/project_obj_2AFC/im15.png,15,1,1,"[9,1]",True
obj_2afc_698718.csv,698718,804.79999999702,../../images/project_obj_2AFC/im5.png,5,0,0,"[0,2]",True
obj_2afc_698718.csv,698718,1106.59999999404,../../images/project_obj_2AFC/im11.png,11,0,1,"[1,0]",True
obj_2afc_698718.csv,698718,856.59999999404,../../images/project_obj_2AFC/im9.png,9,1,0,"[3,0]",True
obj_2afc_698718.csv,698718,837.90000000596,../../images/project_obj_2AFC/im8.png,8,1,0,"[2,0]",True
obj_2afc_698718.csv,698718,838.100000008941,../../images/project_obj_2AFC/im12.png,12,0,1,"[1,7]",True
obj_2afc_698718.csv,698718,554.800000011921,../../images/project_obj_2AFC/im43.png,43,0,4,"[4,2]",True
obj_2afc_698718.csv,698718,1106.09999999404,../../images/project_obj_2AFC/im37.png,37,1,3,"[0,3]",True
obj_2afc_449319.csv,449319,1251,../../images/project_obj_2AFC/im39.png,39,1,3,"[1,3]",True
obj_2afc_449319.csv,449319,2180,../../images/project_obj_2AFC/im41.png,41,0,4,"[4,0]",True
obj_2afc_449319.csv,449319,924,../../images/project_obj_2AFC/im2.png,2,1,0,"[7,0]",True
obj_2afc_449319.csv,449319,1025,../../images/project_obj_2AFC/im48.png,48,1,4,"[3,4]",True
obj_2afc_449319.csv,449319,1457,../../images/project_obj_2AFC/im50.png,50,1,7,"[7,1]",False
obj_2afc_449319.csv,449319,822,../../images/project_obj_2AFC/im44.png,44,1,4,"[0,4]",True
obj_2afc_449319.csv,449319,938,../../images/project_obj_2AFC/im33.png,33,0,3,"[3,7]",True
obj_2afc_449319.csv,449319,928,../../images/project_obj_2AFC/im35.png,35,1,3,"[0,3]",True
obj_2afc_449319.csv,449319,1192,../../images/project_obj_2AFC/im40.png,40,1,4,"[2,4]",True
obj_2afc_449319.csv,449319,621,../../images/project_obj_2AFC/im27.png,27,1,2,"[1,2]",True
obj_2afc_449319.csv,449319,1347,../../images/project_obj_2AFC/im24.png,24,1,2,"[0,2]",True
obj_2afc_449319.csv,449319,1053,../../images/project_obj_2AFC/im53.png,53,0,7,"[7,0]",True
obj_2afc_449319.csv,449319,1151,../../images/project_obj_2AFC/im46.png,46,0,4,"[9,4]",False
obj_2afc_449319.csv,449319,1009,../../images/project_obj_2AFC/im3.png,3,1,0,"[7,0]",True
obj_2afc_449319.csv,449319,752,../../images/project_obj_2AFC/im26.png,26,1,2,"[7,2]",True
obj_2afc_449319.csv,449319,846,../../images/project_obj_2AFC/im36.png,36,0,3,"[3,9]",True
obj_2afc_449319.csv,449319,860,../../images/project_obj_2AFC/im21.png,21,1,2,"[7,2]",True
obj_2afc_449319.csv,449319,1004,../../images/project_obj_2AFC/im10.png,10,0,1,"[1,9]",True
obj_2afc_449319.csv,449319,931,../../images/project_obj_2AFC/im52.png,52,1,7,"[1,7]",True
obj_2afc_449319.csv,449319,490,../../images/project_obj_2AFC/im19.png,19,1,1,"[7,1]",True
obj_2afc_449319.csv,449319,1038,../../images/project_obj_2AFC/im42.png,42,0,4,"[4,0]",True
obj_2afc_449319.csv,449319,874,../../images/project_obj_2AFC/im56.png,56,1,7,"[9,7]",True
obj_2afc_449319.csv,449319,1075,../../images/project_obj_2AFC/im17.png,17,0,1,"[1,0]",True
obj_2afc_449319.csv,449319,857,../../images/project_obj_2AFC/im31.png,31,0,3,"[3,2]",True
obj_2afc_449319.csv,449319,840,../../images/project_obj_2AFC/im49.png,49,1,4,"[2,4]",True
obj_2afc_449319.csv,449319,563,../../images/project_obj_2AFC/im32.png,32,1,3,"[9,3]",True
obj_2afc_449319.csv,449319,406,../../images/project_obj_2AFC/im47.png,47,1,4,"[3,4]",True
obj_2afc_449319.csv,449319,680,../../images/project_obj_2AFC/im38.png,38,0,3,"[3,1]",True
obj_2afc_449319.csv,449319,1755,../../images/project_obj_2AFC/im55.png,55,1,7,"[9,7]",True
obj_2afc_449319.csv,449319,642,../../images/project_obj_2AFC/im13.png,13,1,1,"[7,1]",True
obj_2afc_449319.csv,449319,747,../../images/project_obj_2AFC/im22.png,22,0,2,"[2,9]",True
obj_2afc_449319.csv,449319,819,../../images/project_obj_2AFC/im51.png,51,1,7,"[7,0]",False
obj_2afc_449319.csv,449319,888,../../images/project_obj_2AFC/im30.png,30,0,3,"[3,7]",True
obj_2afc_449319.csv,449319,712,../../images/project_obj_2AFC/im34.png,34,0,3,"[3,1]",True
obj_2afc_449319.csv,449319,481,../../images/project_obj_2AFC/im23.png,23,0,2,"[2,3]",True
obj_2afc_449319.csv,449319,443,../../images/project_obj_2AFC/im4.png,4,0,0,"[0,9]",True
obj_2afc_449319.csv,449319,1189,../../images/project_obj_2AFC/im14.png,14,1,1,"[2,1]",True
obj_2afc_449319.csv,449319,792,../../images/project_obj_2AFC/im29.png,29,0,2,"[2,7]",True
obj_2afc_449319.csv,449319,472,../../images/project_obj_2AFC/im28.png,28,0,2,"[2,0]",True
obj_2afc_449319.csv,449319,929,../../images/project_obj_2AFC/im54.png,54,1,7,"[2,7]",True
obj_2afc_449319.csv,449319,1489,../../images/project_obj_2AFC/im58.png,58,1,7,"[9,7]",True
obj_2afc_449319.csv,449319,615,../../images/project_obj_2AFC/im18.png,18,1,1,"[7,1]",True
obj_2afc_449319.csv,449319,570,../../images/project_obj_2AFC/im59.png,59,1,7,"[1,7]",True
obj_2afc_449319.csv,449319,501,../../images/project_obj_2AFC/im20.png,20,1,2,"[0,2]",True
obj_2afc_449319.csv,449319,407,../../images/project_obj_2AFC/im25.png,25,1,2,"[9,2]",True
obj_2afc_449319.csv,449319,679,../../images/project_obj_2AFC/im6.png,6,1,0,"[0,9]",False
obj_2afc_449319.csv,449319,875,../../images/project_obj_2AFC/im45.png,45,0,4,"[4,7]",True
obj_2afc_449319.csv,449319,789,../../images/project_obj_2AFC/im7.png,7,0,0,"[0,9]",True
obj_2afc_449319.csv,449319,821,../../images/project_obj_2AFC/im57.png,57,1,7,"[2,7]",True
obj_2afc_449319.csv,449319,664,../../images/project_obj_2AFC/im1.png,1,1,0,"[9,0]",True
obj_2afc_449319.csv,449319,591,../../images/project_obj_2AFC/im16.png,16,1,1,"[1,0]",False
obj_2afc_449319.csv,449319,730,../../images/project_obj_2AFC/im0.png,0,1,0,"[9,0]",True
obj_2afc_449319.csv,449319,690,../../images/project_obj_2AFC/im15.png,15,1,1,"[9,1]",True
obj_2afc_449319.csv,449319,870,../../images/project_obj_2AFC/im5.png,5,0,0,"[0,2]",True
obj_2afc_449319.csv,449319,883,../../images/project_obj_2AFC/im11.png,11,0,1,"[1,0]",True
obj_2afc_449319.csv,449319,1066,../../images/project_obj_2AFC/im9.png,9,1,0,"[3,0]",True
obj_2afc_449319.csv,449319,759,../../images/project_obj_2AFC/im8.png,8,1,0,"[2,0]",True
obj_2afc_449319.csv,449319,644,../../images/project_obj_2AFC/im12.png,12,0,1,"[1,7]",True
obj_2afc_449319.csv,449319,695,../../images/project_obj_2AFC/im43.png,43,0,4,"[4,2]",True
obj_2afc_449319.csv,449319,734,../../images/project_obj_2AFC/im37.png,37,1,3,"[0,3]",True
obj_2afc_649135.csv,649135,1373.39999997616,../../images/project_obj_2AFC/im39.png,39,1,3,"[1,3]",True
obj_2afc_649135.csv,649135,2847,../../images/project_obj_2AFC/im41.png,41,0,4,"[4,0]",True
obj_2afc_649135.csv,649135,978.700000047684,../../images/project_obj_2AFC/im2.png,2,1,0,"[7,0]",True
obj_2afc_649135.csv,649135,780.900000035763,../../images/project_obj_2AFC/im48.png,48,1,4,"[3,4]",True
obj_2afc_649135.csv,649135,1153,../../images/project_obj_2AFC/im50.png,50,0,7,"[7,1]",True
obj_2afc_649135.csv,649135,845.5,../../images/project_obj_2AFC/im44.png,44,1,4,"[0,4]",True
obj_2afc_649135.csv,649135,828.900000035763,../../images/project_obj_2AFC/im33.png,33,0,3,"[3,7]",True
obj_2afc_649135.csv,649135,836.199999988079,../../images/project_obj_2AFC/im35.png,35,1,3,"[0,3]",True
obj_2afc_649135.csv,649135,721.400000035763,../../images/project_obj_2AFC/im40.png,40,1,4,"[2,4]",True
obj_2afc_649135.csv,649135,792.900000035763,../../images/project_obj_2AFC/im27.png,27,1,2,"[1,2]",True
obj_2afc_649135.csv,649135,702.699999988079,../../images/project_obj_2AFC/im24.png,24,1,2,"[0,2]",True
obj_2afc_649135.csv,649135,869.900000035763,../../images/project_obj_2AFC/im53.png,53,0,7,"[7,0]",True
obj_2afc_649135.csv,649135,759.300000011921,../../images/project_obj_2AFC/im46.png,46,1,4,"[9,4]",True
obj_2afc_649135.csv,649135,699,../../images/project_obj_2AFC/im3.png,3,1,0,"[7,0]",True
obj_2afc_649135.csv,649135,676.099999964237,../../images/project_obj_2AFC/im26.png,26,1,2,"[7,2]",True
obj_2afc_649135.csv,649135,930.699999988079,../../images/project_obj_2AFC/im36.png,36,0,3,"[3,9]",True
obj_2afc_649135.csv,649135,833,../../images/project_obj_2AFC/im21.png,21,1,2,"[7,2]",True
obj_2afc_649135.csv,649135,1361.39999997616,../../images/project_obj_2AFC/im10.png,10,1,1,"[1,9]",False
obj_2afc_649135.csv,649135,770.800000011921,../../images/project_obj_2AFC/im52.png,52,1,7,"[1,7]",True
obj_2afc_649135.csv,649135,738.699999988079,../../images/project_obj_2AFC/im19.png,19,1,1,"[7,1]",True
obj_2afc_649135.csv,649135,827.5,../../images/project_obj_2AFC/im42.png,42,0,4,"[4,0]",True
obj_2afc_649135.csv,649135,834.199999988079,../../images/project_obj_2AFC/im56.png,56,1,7,"[9,7]",True
obj_2afc_649135.csv,649135,1071.80000001192,../../images/project_obj_2AFC/im17.png,17,0,1,"[1,0]",True
obj_2afc_649135.csv,649135,919.5,../../images/project_obj_2AFC/im31.png,31,0,3,"[3,2]",True
obj_2afc_649135.csv,649135,820.199999988079,../../images/project_obj_2AFC/im49.png,49,1,4,"[2,4]",True
obj_2afc_649135.csv,649135,720.799999952316,../../images/project_obj_2AFC/im32.png,32,1,3,"[9,3]",True
obj_2afc_649135.csv,649135,655.600000023842,../../images/project_obj_2AFC/im47.png,47,1,4,"[3,4]",True
obj_2afc_649135.csv,649135,934.599999964237,../../images/project_obj_2AFC/im38.png,38,0,3,"[3,1]",True
obj_2afc_649135.csv,649135,1331.89999997616,../../images/project_obj_2AFC/im55.png,55,1,7,"[9,7]",True
obj_2afc_649135.csv,649135,994.699999988079,../../images/project_obj_2AFC/im13.png,13,1,1,"[7,1]",True
obj_2afc_649135.csv,649135,804.799999952316,../../images/project_obj_2AFC/im22.png,22,0,2,"[2,9]",True
obj_2afc_649135.csv,649135,765.700000047684,../../images/project_obj_2AFC/im51.png,51,0,7,"[7,0]",True
obj_2afc_649135.csv,649135,734.699999988079,../../images/project_obj_2AFC/im30.png,30,0,3,"[3,7]",True
obj_2afc_649135.csv,649135,668.900000035763,../../images/project_obj_2AFC/im34.png,34,0,3,"[3,1]",True
obj_2afc_649135.csv,649135,722.399999976158,../../images/project_obj_2AFC/im23.png,23,0,2,"[2,3]",True
obj_2afc_649135.csv,649135,665.400000035763,../../images/project_obj_2AFC/im4.png,4,0,0,"[0,9]",True
obj_2afc_649135.csv,649135,1379,../../images/project_obj_2AFC/im14.png,14,1,1,"[2,1]",True
obj_2afc_649135.csv,649135,744.899999976158,../../images/project_obj_2AFC/im29.png,29,0,2,"[2,7]",True
obj_2afc_649135.csv,649135,734.600000023842,../../images/project_obj_2AFC/im28.png,28,0,2,"[2,0]",True
obj_2afc_649135.csv,649135,744,../../images/project_obj_2AFC/im54.png,54,1,7,"[2,7]",True
obj_2afc_649135.csv,649135,935.5,../../images/project_obj_2AFC/im58.png,58,1,7,"[9,7]",True
obj_2afc_649135.csv,649135,768.5,../../images/project_obj_2AFC/im18.png,18,1,1,"[7,1]",True
obj_2afc_649135.csv,649135,676.5,../../images/project_obj_2AFC/im59.png,59,1,7,"[1,7]",True
obj_2afc_649135.csv,649135,664.699999988079,../../images/project_obj_2AFC/im20.png,20,1,2,"[0,2]",True
obj_2afc_649135.csv,649135,610.600000023842,../../images/project_obj_2AFC/im25.png,25,1,2,"[9,2]",True
obj_2afc_649135.csv,649135,923.900000035763,../../images/project_obj_2AFC/im6.png,6,1,0,"[0,9]",False
obj_2afc_649135.csv,649135,798.100000023842,../../images/project_obj_2AFC/im45.png,45,0,4,"[4,7]",True
obj_2afc_649135.csv,649135,762,../../images/project_obj_2AFC/im7.png,7,0,0,"[0,9]",True
obj_2afc_649135.csv,649135,666,../../images/project_obj_2AFC/im57.png,57,1,7,"[2,7]",True
obj_2afc_649135.csv,649135,649.199999988079,../../images/project_obj_2AFC/im1.png,1,1,0,"[9,0]",True
obj_2afc_649135.csv,649135,1097.19999998808,../../images/project_obj_2AFC/im16.png,16,1,1,"[1,0]",False
obj_2afc_649135.csv,649135,598.100000023842,../../images/project_obj_2AFC/im0.png,0,1,0,"[9,0]",True
obj_2afc_649135.csv,649135,848.300000011921,../../images/project_obj_2AFC/im15.png,15,1,1,"[9,1]",True
obj_2afc_649135.csv,649135,1605.60000002384,../../images/project_obj_2AFC/im5.png,5,0,0,"[0,2]",True
obj_2afc_649135.csv,649135,1968,../../images/project_obj_2AFC/im11.png,11,0,1,"[1,0]",True
obj_2afc_649135.csv,649135,769.900000035763,../../images/project_obj_2AFC/im9.png,9,1,0,"[3,0]",True
obj_2afc_649135.csv,649135,602.600000023842,../../images/project_obj_2AFC/im8.png,8,1,0,"[2,0]",True
obj_2afc_649135.csv,649135,979.899999976158,../../images/project_obj_2AFC/im12.png,12,0,1,"[1,7]",True
obj_2afc_649135.csv,649135,717.5,../../images/project_obj_2AFC/im43.png,43,0,4,"[4,2]",True
obj_2afc_649135.csv,649135,919.900000035763,../../images/project_obj_2AFC/im37.png,37,1,3,"[0,3]",True
obj_2afc_473999.csv,473999,1323.80000000447,../../images/project_obj_2AFC/im39.png,39,1,3,"[1,3]",True
obj_2afc_473999.csv,473999,1943.79999999702,../../images/project_obj_2AFC/im41.png,41,0,4,"[4,0]",True
obj_2afc_473999.csv,473999,1504.5,../../images/project_obj_2AFC/im2.png,2,0,0,"[7,0]",False
obj_2afc_473999.csv,473999,1395.69999999553,../../images/project_obj_2AFC/im48.png,48,1,4,"[3,4]",True
obj_2afc_473999.csv,473999,1469.59999999404,../../images/project_obj_2AFC/im50.png,50,1,7,"[7,1]",False
obj_2afc_473999.csv,473999,1566.29999999702,../../images/project_obj_2AFC/im44.png,44,0,4,"[0,4]",False
obj_2afc_473999.csv,473999,777.5,../../images/project_obj_2AFC/im33.png,33,0,3,"[3,7]",True
obj_2afc_473999.csv,473999,1367.39999999851,../../images/project_obj_2AFC/im35.png,35,1,3,"[0,3]",True
obj_2afc_473999.csv,473999,1544.29999999702,../../images/project_obj_2AFC/im40.png,40,0,4,"[2,4]",False
obj_2afc_473999.csv,473999,1381.60000000149,../../images/project_obj_2AFC/im27.png,27,1,2,"[1,2]",True
obj_2afc_473999.csv,473999,1047.29999999702,../../images/project_obj_2AFC/im24.png,24,1,2,"[0,2]",True
obj_2afc_473999.csv,473999,1353.20000000298,../../images/project_obj_2AFC/im53.png,53,0,7,"[7,0]",True
obj_2afc_473999.csv,473999,873.5,../../images/project_obj_2AFC/im46.png,46,0,4,"[9,4]",False
obj_2afc_473999.csv,473999,1211.39999999851,../../images/project_obj_2AFC/im3.png,3,1,0,"[7,0]",True
obj_2afc_473999.csv,473999,709.5,../../images/project_obj_2AFC/im26.png,26,1,2,"[7,2]",True
obj_2afc_473999.csv,473999,1130.19999999553,../../images/project_obj_2AFC/im36.png,36,0,3,"[3,9]",True
obj_2afc_473999.csv,473999,1149.29999999702,../../images/project_obj_2AFC/im21.png,21,1,2,"[7,2]",True
obj_2afc_473999.csv,473999,1258.10000000149,../../images/project_obj_2AFC/im10.png,10,0,1,"[1,9]",True
obj_2afc_473999.csv,473999,995.89999999851,../../images/project_obj_2AFC/im52.png,52,0,7,"[1,7]",False
obj_2afc_473999.csv,473999,990.59999999404,../../images/project_obj_2AFC/im19.png,19,1,1,"[7,1]",True
obj_2afc_473999.csv,473999,1555.5,../../images/project_obj_2AFC/im42.png,42,0,4,"[4,0]",True
obj_2afc_473999.csv,473999,812.69999999553,../../images/project_obj_2AFC/im56.png,56,0,7,"[9,7]",False
obj_2afc_473999.csv,473999,981.30000000447,../../images/project_obj_2AFC/im17.png,17,0,1,"[1,0]",True
obj_2afc_473999.csv,473999,1083.90000000596,../../images/project_obj_2AFC/im31.png,31,0,3,"[3,2]",True
obj_2afc_473999.csv,473999,1462.5,../../images/project_obj_2AFC/im49.png,49,1,4,"[2,4]",True
obj_2afc_473999.csv,473999,656.79999999702,../../images/project_obj_2AFC/im32.png,32,1,3,"[9,3]",True
obj_2afc_473999.csv,473999,748.60000000149,../../images/project_obj_2AFC/im47.png,47,1,4,"[3,4]",True
obj_2afc_473999.csv,473999,1274.69999999553,../../images/project_obj_2AFC/im38.png,38,0,3,"[3,1]",True
obj_2afc_473999.csv,473999,1761.79999999702,../../images/project_obj_2AFC/im55.png,55,1,7,"[9,7]",True
obj_2afc_473999.csv,473999,997,../../images/project_obj_2AFC/im13.png,13,1,1,"[7,1]",True
obj_2afc_473999.csv,473999,1341.69999999553,../../images/project_obj_2AFC/im22.png,22,0,2,"[2,9]",True
obj_2afc_473999.csv,473999,2194.80000000447,../../images/project_obj_2AFC/im51.png,51,0,7,"[7,0]",True
obj_2afc_473999.csv,473999,705.79999999702,../../images/project_obj_2AFC/im30.png,30,0,3,"[3,7]",True
obj_2afc_473999.csv,473999,720.5,../../images/project_obj_2AFC/im34.png,34,0,3,"[3,1]",True
obj_2afc_473999.csv,473999,661.39999999851,../../images/project_obj_2AFC/im23.png,23,0,2,"[2,3]",True
obj_2afc_473999.csv,473999,918.59999999404,../../images/project_obj_2AFC/im4.png,4,0,0,"[0,9]",True
obj_2afc_473999.csv,473999,1567.09999999404,../../images/project_obj_2AFC/im14.png,14,1,1,"[2,1]",True
obj_2afc_473999.csv,473999,1291.60000000149,../../images/project_obj_2AFC/im29.png,29,0,2,"[2,7]",True
obj_2afc_473999.csv,473999,693.79999999702,../../images/project_obj_2AFC/im28.png,28,0,2,"[2,0]",True
obj_2afc_473999.csv,473999,1305.20000000298,../../images/project_obj_2AFC/im54.png,54,1,7,"[2,7]",True
obj_2afc_473999.csv,473999,1211.5,../../images/project_obj_2AFC/im58.png,58,1,7,"[9,7]",True
obj_2afc_473999.csv,473999,725.39999999851,../../images/project_obj_2AFC/im18.png,18,1,1,"[7,1]",True
obj_2afc_473999.csv,473999,778.89999999851,../../images/project_obj_2AFC/im59.png,59,1,7,"[1,7]",True
obj_2afc_473999.csv,473999,1369.90000000596,../../images/project_obj_2AFC/im20.png,20,1,2,"[0,2]",True
obj_2afc_473999.csv,473999,879.70000000298,../../images/project_obj_2AFC/im25.png,25,1,2,"[9,2]",True
obj_2afc_473999.csv,473999,1272.59999999404,../../images/project_obj_2AFC/im6.png,6,1,0,"[0,9]",False
obj_2afc_473999.csv,473999,1180.10000000149,../../images/project_obj_2AFC/im45.png,45,0,4,"[4,7]",True
obj_2afc_473999.csv,473999,743.39999999851,../../images/project_obj_2AFC/im7.png,7,0,0,"[0,9]",True
obj_2afc_473999.csv,473999,1403.39999999851,../../images/project_obj_2AFC/im57.png,57,1,7,"[2,7]",True
obj_2afc_473999.csv,473999,862.39999999851,../../images/project_obj_2AFC/im1.png,1,1,0,"[9,0]",True
obj_2afc_473999.csv,473999,1014.89999999851,../../images/project_obj_2AFC/im16.png,16,1,1,"[1,0]",False
obj_2afc_473999.csv,473999,773.60000000149,../../images/project_obj_2AFC/im0.png,0,1,0,"[9,0]",True
obj_2afc_473999.csv,473999,1717,../../images/project_obj_2AFC/im15.png,15,1,1,"[9,1]",True
obj_2afc_473999.csv,473999,1344.29999999702,../../images/project_obj_2AFC/im5.png,5,0,0,"[0,2]",True
obj_2afc_473999.csv,473999,825.79999999702,../../images/project_obj_2AFC/im11.png,11,0,1,"[1,0]",True
obj_2afc_473999.csv,473999,1394.80000000447,../../images/project_obj_2AFC/im9.png,9,1,0,"[3,0]",True
obj_2afc_473999.csv,473999,735.69999999553,../../images/project_obj_2AFC/im8.png,8,1,0,"[2,0]",True
obj_2afc_473999.csv,473999,1387.29999999702,../../images/project_obj_2AFC/im12.png,12,0,1,"[1,7]",True
obj_2afc_473999.csv,473999,1262.20000000298,../../images/project_obj_2AFC/im37.png,37,1,3,"[0,3]",True
obj_2afc_164492.csv,164492,778.79999999702,../../images/project_obj_2AFC/im39.png,39,1,3,"[1,3]",True
obj_2afc_164492.csv,164492,1103.90000000596,../../images/project_obj_2AFC/im41.png,41,1,4,"[4,0]",False
obj_2afc_164492.csv,164492,637.20000000298,../../images/project_obj_2AFC/im2.png,2,1,0,"[7,0]",True
obj_2afc_164492.csv,164492,971,../../images/project_obj_2AFC/im48.png,48,1,4,"[3,4]",True
obj_2afc_164492.csv,164492,770.70000000298,../../images/project_obj_2AFC/im50.png,50,0,7,"[7,1]",True
obj_2afc_164492.csv,164492,753.70000000298,../../images/project_obj_2AFC/im44.png,44,1,4,"[0,4]",True
obj_2afc_164492.csv,164492,820.90000000596,../../images/project_obj_2AFC/im33.png,33,0,3,"[3,7]",True
obj_2afc_164492.csv,164492,837.5,../../images/project_obj_2AFC/im35.png,35,1,3,"[0,3]",True
obj_2afc_164492.csv,164492,688,../../images/project_obj_2AFC/im40.png,40,1,4,"[2,4]",True
obj_2afc_164492.csv,164492,737.90000000596,../../images/project_obj_2AFC/im27.png,27,1,2,"[1,2]",True
obj_2afc_164492.csv,164492,570.5,../../images/project_obj_2AFC/im24.png,24,1,2,"[0,2]",True
obj_2afc_164492.csv,164492,854.40000000596,../../images/project_obj_2AFC/im53.png,53,1,7,"[7,0]",False
obj_2afc_164492.csv,164492,669.70000000298,../../images/project_obj_2AFC/im46.png,46,1,4,"[9,4]",True
obj_2afc_164492.csv,164492,587.09999999404,../../images/project_obj_2AFC/im3.png,3,1,0,"[7,0]",True
obj_2afc_164492.csv,164492,571.100000008941,../../images/project_obj_2AFC/im26.png,26,1,2,"[7,2]",True
obj_2afc_164492.csv,164492,754.90000000596,../../images/project_obj_2AFC/im36.png,36,0,3,"[3,9]",True
obj_2afc_164492.csv,164492,556.399999991059,../../images/project_obj_2AFC/im21.png,21,1,2,"[7,2]",True
obj_2afc_164492.csv,164492,803.29999999702,../../images/project_obj_2AFC/im10.png,10,0,1,"[1,9]",True
obj_2afc_164492.csv,164492,823.59999999404,../../images/project_obj_2AFC/im52.png,52,1,7,"[1,7]",True
obj_2afc_164492.csv,164492,535.20000000298,../../images/project_obj_2AFC/im19.png,19,1,1,"[7,1]",True
obj_2afc_164492.csv,164492,1004.40000000596,../../images/project_obj_2AFC/im42.png,42,0,4,"[4,0]",True
obj_2afc_164492.csv,164492,619.600000008941,../../images/project_obj_2AFC/im56.png,56,1,7,"[9,7]",True
obj_2afc_164492.csv,164492,990.5,../../images/project_obj_2AFC/im17.png,17,0,1,"[1,0]",True
obj_2afc_164492.csv,164492,837.5,../../images/project_obj_2AFC/im31.png,31,0,3,"[3,2]",True
obj_2afc_164492.csv,164492,691.5,../../images/project_obj_2AFC/im49.png,49,1,4,"[2,4]",True
obj_2afc_164492.csv,164492,1365,../../images/project_obj_2AFC/im32.png,32,1,3,"[9,3]",True
obj_2afc_164492.csv,164492,610,../../images/project_obj_2AFC/im47.png,47,1,4,"[3,4]",True
obj_2afc_164492.csv,164492,837.59999999404,../../images/project_obj_2AFC/im38.png,38,0,3,"[3,1]",True
obj_2afc_164492.csv,164492,820.5,../../images/project_obj_2AFC/im55.png,55,1,7,"[9,7]",True
obj_2afc_164492.csv,164492,753.29999999702,../../images/project_obj_2AFC/im13.png,13,1,1,"[7,1]",True
obj_2afc_164492.csv,164492,822.899999991059,../../images/project_obj_2AFC/im22.png,22,0,2,"[2,9]",True
obj_2afc_164492.csv,164492,770.29999999702,../../images/project_obj_2AFC/im51.png,51,0,7,"[7,0]",True
obj_2afc_164492.csv,164492,719.600000008941,../../images/project_obj_2AFC/im30.png,30,0,3,"[3,7]",True
obj_2afc_164492.csv,164492,618.899999991059,../../images/project_obj_2AFC/im34.png,34,0,3,"[3,1]",True
obj_2afc_164492.csv,164492,1394.09999999404,../../images/project_obj_2AFC/im23.png,23,0,2,"[2,3]",True
obj_2afc_164492.csv,164492,683.399999991059,../../images/project_obj_2AFC/im4.png,4,0,0,"[0,9]",True
obj_2afc_164492.csv,164492,806.40000000596,../../images/project_obj_2AFC/im14.png,14,1,1,"[2,1]",True
obj_2afc_164492.csv,164492,591.29999999702,../../images/project_obj_2AFC/im29.png,29,0,2,"[2,7]",True
obj_2afc_164492.csv,164492,687.5,../../images/project_obj_2AFC/im28.png,28,0,2,"[2,0]",True
obj_2afc_164492.csv,164492,572.90000000596,../../images/project_obj_2AFC/im54.png,54,1,7,"[2,7]",True
obj_2afc_164492.csv,164492,639.399999991059,../../images/project_obj_2AFC/im58.png,58,1,7,"[9,7]",True
obj_2afc_164492.csv,164492,554.70000000298,../../images/project_obj_2AFC/im18.png,18,1,1,"[7,1]",True
obj_2afc_164492.csv,164492,670.70000000298,../../images/project_obj_2AFC/im59.png,59,1,7,"[1,7]",True
obj_2afc_164492.csv,164492,621.09999999404,../../images/project_obj_2AFC/im20.png,20,1,2,"[0,2]",True
obj_2afc_164492.csv,164492,540,../../images/project_obj_2AFC/im25.png,25,1,2,"[9,2]",True
obj_2afc_164492.csv,164492,885.70000000298,../../images/project_obj_2AFC/im6.png,6,0,0,"[0,9]",True
obj_2afc_164492.csv,164492,1437,../../images/project_obj_2AFC/im45.png,45,0,4,"[4,7]",True
obj_2afc_164492.csv,164492,652.800000011921,../../images/project_obj_2AFC/im7.png,7,0,0,"[0,9]",True
obj_2afc_164492.csv,164492,703.29999999702,../../images/project_obj_2AFC/im57.png,57,1,7,"[2,7]",True
obj_2afc_164492.csv,164492,656.40000000596,../../images/project_obj_2AFC/im1.png,1,1,0,"[9,0]",True
obj_2afc_164492.csv,164492,906.40000000596,../../images/project_obj_2AFC/im16.png,16,0,1,"[1,0]",True
obj_2afc_164492.csv,164492,773.09999999404,../../images/project_obj_2AFC/im0.png,0,1,0,"[9,0]",True
obj_2afc_164492.csv,164492,936.5,../../images/project_obj_2AFC/im15.png,15,1,1,"[9,1]",True
obj_2afc_164492.csv,164492,690.29999999702,../../images/project_obj_2AFC/im5.png,5,0,0,"[0,2]",True
obj_2afc_164492.csv,164492,774.79999999702,../../images/project_obj_2AFC/im11.png,11,0,1,"[1,0]",True
obj_2afc_164492.csv,164492,686.399999991059,../../images/project_obj_2AFC/im9.png,9,1,0,"[3,0]",True
obj_2afc_164492.csv,164492,586.5,../../images/project_obj_2AFC/im8.png,8,1,0,"[2,0]",True
obj_2afc_164492.csv,164492,603.79999999702,../../images/project_obj_2AFC/im12.png,12,0,1,"[1,7]",True
obj_2afc_164492.csv,164492,821.199999988079,../../images/project_obj_2AFC/im43.png,43,0,4,"[4,2]",True
obj_2afc_164492.csv,164492,904,../../images/project_obj_2AFC/im37.png,37,1,3,"[0,3]",True
obj_2afc_589639.csv,589639,701,../../images/project_obj_2AFC/im39.png,39,1,3,"[1,3]",True
obj_2afc_589639.csv,589639,723,../../images/project_obj_2AFC/im41.png,41,0,4,"[4,0]",True
obj_2afc_589639.csv,589639,651,../../images/project_obj_2AFC/im2.png,2,1,0,"[7,0]",True
obj_2afc_589639.csv,589639,567,../../images/project_obj_2AFC/im48.png,48,1,4,"[3,4]",True
obj_2afc_589639.csv,589639,1785,../../images/project_obj_2AFC/im50.png,50,0,7,"[7,1]",True
obj_2afc_589639.csv,589639,658,../../images/project_obj_2AFC/im44.png,44,1,4,"[0,4]",True
obj_2afc_589639.csv,589639,702,../../images/project_obj_2AFC/im33.png,33,0,3,"[3,7]",True
obj_2afc_589639.csv,589639,668,../../images/project_obj_2AFC/im35.png,35,1,3,"[0,3]",True
obj_2afc_589639.csv,589639,528,../../images/project_obj_2AFC/im40.png,40,1,4,"[2,4]",True
obj_2afc_589639.csv,589639,524,../../images/project_obj_2AFC/im27.png,27,1,2,"[1,2]",True
obj_2afc_589639.csv,589639,505,../../images/project_obj_2AFC/im24.png,24,1,2,"[0,2]",True
obj_2afc_589639.csv,589639,883,../../images/project_obj_2AFC/im53.png,53,0,7,"[7,0]",True
obj_2afc_589639.csv,589639,1289,../../images/project_obj_2AFC/im46.png,46,1,4,"[9,4]",True
obj_2afc_589639.csv,589639,680,../../images/project_obj_2AFC/im3.png,3,1,0,"[7,0]",True
obj_2afc_589639.csv,589639,760,../../images/project_obj_2AFC/im26.png,26,1,2,"[7,2]",True
obj_2afc_589639.csv,589639,1019,../../images/project_obj_2AFC/im36.png,36,0,3,"[3,9]",True
obj_2afc_589639.csv,589639,697,../../images/project_obj_2AFC/im21.png,21,1,2,"[7,2]",True
obj_2afc_589639.csv,589639,1108,../../images/project_obj_2AFC/im10.png,10,1,1,"[1,9]",False
obj_2afc_589639.csv,589639,588,../../images/project_obj_2AFC/im52.png,52,1,7,"[1,7]",True
obj_2afc_589639.csv,589639,614,../../images/project_obj_2AFC/im19.png,19,1,1,"[7,1]",True
obj_2afc_589639.csv,589639,889,../../images/project_obj_2AFC/im42.png,42,0,4,"[4,0]",True
obj_2afc_589639.csv,589639,710,../../images/project_obj_2AFC/im56.png,56,1,7,"[9,7]",True
obj_2afc_589639.csv,589639,938,../../images/project_obj_2AFC/im17.png,17,0,1,"[1,0]",True
obj_2afc_589639.csv,589639,725,../../images/project_obj_2AFC/im31.png,31,0,3,"[3,2]",True
obj_2afc_589639.csv,589639,809,../../images/project_obj_2AFC/im49.png,49,1,4,"[2,4]",True
obj_2afc_589639.csv,589639,731,../../images/project_obj_2AFC/im32.png,32,1,3,"[9,3]",True
obj_2afc_589639.csv,589639,632,../../images/project_obj_2AFC/im47.png,47,1,4,"[3,4]",True
obj_2afc_589639.csv,589639,629,../../images/project_obj_2AFC/im38.png,38,0,3,"[3,1]",True
obj_2afc_589639.csv,589639,723,../../images/project_obj_2AFC/im55.png,55,1,7,"[9,7]",True
obj_2afc_589639.csv,589639,1076,../../images/project_obj_2AFC/im13.png,13,1,1,"[7,1]",True
obj_2afc_589639.csv,589639,630,../../images/project_obj_2AFC/im22.png,22,0,2,"[2,9]",True
obj_2afc_589639.csv,589639,738,../../images/project_obj_2AFC/im51.png,51,0,7,"[7,0]",True
obj_2afc_589639.csv,589639,661,../../images/project_obj_2AFC/im30.png,30,0,3,"[3,7]",True
obj_2afc_589639.csv,589639,711,../../images/project_obj_2AFC/im34.png,34,0,3,"[3,1]",True
obj_2afc_589639.csv,589639,652,../../images/project_obj_2AFC/im23.png,23,0,2,"[2,3]",True
obj_2afc_589639.csv,589639,642,../../images/project_obj_2AFC/im4.png,4,0,0,"[0,9]",True
obj_2afc_589639.csv,589639,716,../../images/project_obj_2AFC/im14.png,14,1,1,"[2,1]",True
obj_2afc_589639.csv,589639,556,../../images/project_obj_2AFC/im29.png,29,0,2,"[2,7]",True
obj_2afc_589639.csv,589639,523,../../images/project_obj_2AFC/im28.png,28,0,2,"[2,0]",True
obj_2afc_589639.csv,589639,570,../../images/project_obj_2AFC/im54.png,54,1,7,"[2,7]",True
obj_2afc_589639.csv,589639,716,../../images/project_obj_2AFC/im58.png,58,1,7,"[9,7]",True
obj_2afc_589639.csv,589639,605,../../images/project_obj_2AFC/im18.png,18,0,1,"[7,1]",False
obj_2afc_589639.csv,589639,605,../../images/project_obj_2AFC/im59.png,59,1,7,"[1,7]",True
obj_2afc_589639.csv,589639,570,../../images/project_obj_2AFC/im20.png,20,1,2,"[0,2]",True
obj_2afc_589639.csv,589639,519,../../images/project_obj_2AFC/im25.png,25,1,2,"[9,2]",True
obj_2afc_589639.csv,589639,775,../../images/project_obj_2AFC/im6.png,6,1,0,"[0,9]",False
obj_2afc_589639.csv,589639,668,../../images/project_obj_2AFC/im45.png,45,0,4,"[4,7]",True
obj_2afc_589639.csv,589639,579,../../images/project_obj_2AFC/im7.png,7,0,0,"[0,9]",True
obj_2afc_589639.csv,589639,689,../../images/project_obj_2AFC/im57.png,57,1,7,"[2,7]",True
obj_2afc_589639.csv,589639,554,../../images/project_obj_2AFC/im1.png,1,1,0,"[9,0]",True
obj_2afc_589639.csv,589639,1072,../../images/project_obj_2AFC/im16.png,16,0,1,"[1,0]",True
obj_2afc_589639.csv,589639,629,../../images/project_obj_2AFC/im0.png,0,1,0,"[9,0]",True
obj_2afc_589639.csv,589639,1245,../../images/project_obj_2AFC/im15.png,15,1,1,"[9,1]",True
obj_2afc_589639.csv,589639,785,../../images/project_obj_2AFC/im5.png,5,0,0,"[0,2]",True
obj_2afc_589639.csv,589639,592,../../images/project_obj_2AFC/im11.png,11,1,1,"[1,0]",False
obj_2afc_589639.csv,589639,567,../../images/project_obj_2AFC/im9.png,9,1,0,"[3,0]",True
obj_2afc_589639.csv,589639,516,../../images/project_obj_2AFC/im8.png,8,1,0,"[2,0]",True
obj_2afc_589639.csv,589639,1189,../../images/project_obj_2AFC/im12.png,12,1,1,"[1,7]",False
obj_2afc_589639.csv,589639,1567,../../images/project_obj_2AFC/im43.png,43,1,4,"[4,2]",False
obj_2afc_589639.csv,589639,630,../../images/project_obj_2AFC/im37.png,37,1,3,"[0,3]",True
obj_2afc_630123.csv,630123,1236.39999999851,../../images/project_obj_2AFC/im39.png,39,1,3,"[1,3]",True
obj_2afc_630123.csv,630123,1026.70000000298,../../images/project_obj_2AFC/im41.png,41,1,4,"[4,0]",False
obj_2afc_630123.csv,630123,564.60000000149,../../images/project_obj_2AFC/im2.png,2,1,0,"[7,0]",True
obj_2afc_630123.csv,630123,585.79999999702,../../images/project_obj_2AFC/im48.png,48,1,4,"[3,4]",True
obj_2afc_630123.csv,630123,1729.79999999702,../../images/project_obj_2AFC/im50.png,50,0,7,"[7,1]",True
obj_2afc_630123.csv,630123,955.5,../../images/project_obj_2AFC/im44.png,44,0,4,"[0,4]",False
obj_2afc_630123.csv,630123,575.39999999851,../../images/project_obj_2AFC/im33.png,33,0,3,"[3,7]",True
obj_2afc_630123.csv,630123,512.5,../../images/project_obj_2AFC/im35.png,35,0,3,"[0,3]",False
obj_2afc_630123.csv,630123,1040.89999999851,../../images/project_obj_2AFC/im40.png,40,1,4,"[2,4]",True
obj_2afc_630123.csv,630123,573.5,../../images/project_obj_2AFC/im27.png,27,1,2,"[1,2]",True
obj_2afc_630123.csv,630123,553.60000000149,../../images/project_obj_2AFC/im24.png,24,1,2,"[0,2]",True
obj_2afc_630123.csv,630123,995.39999999851,../../images/project_obj_2AFC/im53.png,53,0,7,"[7,0]",True
obj_2afc_630123.csv,630123,1601.89999999851,../../images/project_obj_2AFC/im46.png,46,1,4,"[9,4]",True
obj_2afc_630123.csv,630123,537.89999999851,../../images/project_obj_2AFC/im3.png,3,1,0,"[7,0]",True
obj_2afc_630123.csv,630123,516.80000000447,../../images/project_obj_2AFC/im26.png,26,1,2,"[7,2]",True
obj_2afc_630123.csv,630123,783.70000000298,../../images/project_obj_2AFC/im36.png,36,0,3,"[3,9]",True
obj_2afc_630123.csv,630123,813.10000000149,../../images/project_obj_2AFC/im21.png,21,1,2,"[7,2]",True
obj_2afc_630123.csv,630123,994.79999999702,../../images/project_obj_2AFC/im10.png,10,0,1,"[1,9]",True
obj_2afc_630123.csv,630123,980.30000000447,../../images/project_obj_2AFC/im52.png,52,1,7,"[1,7]",True
obj_2afc_630123.csv,630123,529,../../images/project_obj_2AFC/im19.png,19,1,1,"[7,1]",True
obj_2afc_630123.csv,630123,932.29999999702,../../images/project_obj_2AFC/im42.png,42,0,4,"[4,0]",True
obj_2afc_630123.csv,630123,1016.70000000298,../../images/project_obj_2AFC/im56.png,56,1,7,"[9,7]",True
obj_2afc_630123.csv,630123,553.80000000447,../../images/project_obj_2AFC/im17.png,17,1,1,"[1,0]",False
obj_2afc_630123.csv,630123,764.29999999702,../../images/project_obj_2AFC/im31.png,31,0,3,"[3,2]",True
obj_2afc_630123.csv,630123,1406.5,../../images/project_obj_2AFC/im49.png,49,1,4,"[2,4]",True
obj_2afc_630123.csv,630123,612.20000000298,../../images/project_obj_2AFC/im32.png,32,1,3,"[9,3]",True
obj_2afc_630123.csv,630123,547.60000000149,../../images/project_obj_2AFC/im47.png,47,1,4,"[3,4]",True
obj_2afc_630123.csv,630123,891.10000000149,../../images/project_obj_2AFC/im38.png,38,0,3,"[3,1]",True
obj_2afc_630123.csv,630123,864.90000000596,../../images/project_obj_2AFC/im55.png,55,1,7,"[9,7]",True
obj_2afc_630123.csv,630123,715.60000000149,../../images/project_obj_2AFC/im13.png,13,1,1,"[7,1]",True
obj_2afc_630123.csv,630123,879.79999999702,../../images/project_obj_2AFC/im22.png,22,0,2,"[2,9]",True
obj_2afc_630123.csv,630123,860.10000000149,../../images/project_obj_2AFC/im51.png,51,0,7,"[7,0]",True
obj_2afc_630123.csv,630123,644.29999999702,../../images/project_obj_2AFC/im30.png,30,0,3,"[3,7]",True
obj_2afc_630123.csv,630123,533,../../images/project_obj_2AFC/im34.png,34,0,3,"[3,1]",True
obj_2afc_630123.csv,630123,542.5,../../images/project_obj_2AFC/im23.png,23,0,2,"[2,3]",True
obj_2afc_630123.csv,630123,837.10000000149,../../images/project_obj_2AFC/im4.png,4,0,0,"[0,9]",True
obj_2afc_630123.csv,630123,1418.60000000149,../../images/project_obj_2AFC/im14.png,14,1,1,"[2,1]",True
obj_2afc_630123.csv,630123,661.5,../../images/project_obj_2AFC/im29.png,29,0,2,"[2,7]",True
obj_2afc_630123.csv,630123,633.5,../../images/project_obj_2AFC/im28.png,28,0,2,"[2,0]",True
obj_2afc_630123.csv,630123,808,../../images/project_obj_2AFC/im54.png,54,1,7,"[2,7]",True
obj_2afc_630123.csv,630123,675.30000000447,../../images/project_obj_2AFC/im58.png,58,1,7,"[9,7]",True
obj_2afc_630123.csv,630123,576.70000000298,../../images/project_obj_2AFC/im18.png,18,1,1,"[7,1]",True
obj_2afc_630123.csv,630123,658,../../images/project_obj_2AFC/im59.png,59,1,7,"[1,7]",True
obj_2afc_630123.csv,630123,548.60000000149,../../images/project_obj_2AFC/im20.png,20,1,2,"[0,2]",True
obj_2afc_630123.csv,630123,448.60000000149,../../images/project_obj_2AFC/im25.png,25,1,2,"[9,2]",True
obj_2afc_630123.csv,630123,1888.60000000149,../../images/project_obj_2AFC/im6.png,6,0,0,"[0,9]",True
obj_2afc_630123.csv,630123,809.89999999851,../../images/project_obj_2AFC/im45.png,45,0,4,"[4,7]",True
obj_2afc_630123.csv,630123,611.19999999553,../../images/project_obj_2AFC/im7.png,7,0,0,"[0,9]",True
obj_2afc_630123.csv,630123,862.39999999851,../../images/project_obj_2AFC/im57.png,57,1,7,"[2,7]",True
obj_2afc_630123.csv,630123,530.29999999702,../../images/project_obj_2AFC/im1.png,1,1,0,"[9,0]",True
obj_2afc_630123.csv,630123,1343.69999999553,../../images/project_obj_2AFC/im16.png,16,1,1,"[1,0]",False
obj_2afc_630123.csv,630123,518.89999999851,../../images/project_obj_2AFC/im0.png,0,1,0,"[9,0]",True
obj_2afc_630123.csv,630123,696.39999999851,../../images/project_obj_2AFC/im15.png,15,1,1,"[9,1]",True
obj_2afc_630123.csv,630123,776.79999999702,../../images/project_obj_2AFC/im5.png,5,0,0,"[0,2]",True
obj_2afc_630123.csv,630123,863.79999999702,../../images/project_obj_2AFC/im11.png,11,0,1,"[1,0]",True
obj_2afc_630123.csv,630123,834.39999999851,../../images/project_obj_2AFC/im9.png,9,1,0,"[3,0]",True
obj_2afc_630123.csv,630123,469.20000000298,../../images/project_obj_2AFC/im8.png,8,1,0,"[2,0]",True
obj_2afc_630123.csv,630123,867.60000000149,../../images/project_obj_2AFC/im12.png,12,0,1,"[1,7]",True
obj_2afc_630123.csv,630123,750.19999999553,../../images/project_obj_2AFC/im43.png,43,0,4,"[4,2]",True
obj_2afc_630123.csv,630123,833,../../images/project_obj_2AFC/im37.png,37,1,3,"[0,3]",True
obj_2afc_541505.csv,541505,1394.70000000019,../../images/project_obj_2AFC/im39.png,39,1,3,"[1,3]",True
obj_2afc_541505.csv,541505,2203.20000000019,../../images/project_obj_2AFC/im41.png,41,1,4,"[4,0]",False
obj_2afc_541505.csv,541505,1824.80000000028,../../images/project_obj_2AFC/im48.png,48,1,4,"[3,4]",True
obj_2afc_541505.csv,541505,933.600000000093,../../images/project_obj_2AFC/im50.png,50,0,7,"[7,1]",True
obj_2afc_541505.csv,541505,1151.19999999972,../../images/project_obj_2AFC/im44.png,44,0,4,"[0,4]",False
obj_2afc_541505.csv,541505,574.699999999721,../../images/project_obj_2AFC/im35.png,35,0,3,"[0,3]",False
obj_2afc_541505.csv,541505,1665.20000000019,../../images/project_obj_2AFC/im40.png,40,1,4,"[2,4]",True
obj_2afc_541505.csv,541505,913.399999999907,../../images/project_obj_2AFC/im27.png,27,1,2,"[1,2]",True
obj_2afc_541505.csv,541505,1265.09999999963,../../images/project_obj_2AFC/im24.png,24,0,2,"[0,2]",False
obj_2afc_541505.csv,541505,1306.5,../../images/project_obj_2AFC/im53.png,53,1,7,"[7,0]",False
obj_2afc_541505.csv,541505,1245.69999999972,../../images/project_obj_2AFC/im46.png,46,0,4,"[9,4]",False
obj_2afc_541505.csv,541505,1040.89999999991,../../images/project_obj_2AFC/im3.png,3,1,0,"[7,0]",True
obj_2afc_541505.csv,541505,809.899999999907,../../images/project_obj_2AFC/im26.png,26,1,2,"[7,2]",True
obj_2afc_541505.csv,541505,1009.09999999963,../../images/project_obj_2AFC/im36.png,36,0,3,"[3,9]",True
obj_2afc_541505.csv,541505,734.5,../../images/project_obj_2AFC/im21.png,21,1,2,"[7,2]",True
obj_2afc_541505.csv,541505,1210.39999999991,../../images/project_obj_2AFC/im10.png,10,1,1,"[1,9]",False
obj_2afc_541505.csv,541505,1492,../../images/project_obj_2AFC/im52.png,52,1,7,"[1,7]",True
obj_2afc_541505.csv,541505,865.199999999721,../../images/project_obj_2AFC/im19.png,19,1,1,"[7,1]",True
obj_2afc_541505.csv,541505,1139.5,../../images/project_obj_2AFC/im42.png,42,0,4,"[4,0]",True
obj_2afc_541505.csv,541505,1674.60000000009,../../images/project_obj_2AFC/im56.png,56,0,7,"[9,7]",False
obj_2afc_541505.csv,541505,951.400000000372,../../images/project_obj_2AFC/im17.png,17,1,1,"[1,0]",False
obj_2afc_541505.csv,541505,884.200000000186,../../images/project_obj_2AFC/im31.png,31,0,3,"[3,2]",True
obj_2afc_541505.csv,541505,842.5,../../images/project_obj_2AFC/im49.png,49,0,4,"[2,4]",False
obj_2afc_541505.csv,541505,1309.29999999981,../../images/project_obj_2AFC/im32.png,32,1,3,"[9,3]",True
obj_2afc_541505.csv,541505,940.100000000093,../../images/project_obj_2AFC/im47.png,47,0,4,"[3,4]",False
obj_2afc_541505.csv,541505,670.399999999907,../../images/project_obj_2AFC/im38.png,38,0,3,"[3,1]",True
obj_2afc_541505.csv,541505,1058.20000000019,../../images/project_obj_2AFC/im55.png,55,1,7,"[9,7]",True
obj_2afc_541505.csv,541505,918.399999999907,../../images/project_obj_2AFC/im13.png,13,1,1,"[7,1]",True
obj_2afc_541505.csv,541505,955.699999999721,../../images/project_obj_2AFC/im22.png,22,0,2,"[2,9]",True
obj_2afc_541505.csv,541505,1409.5,../../images/project_obj_2AFC/im51.png,51,0,7,"[7,0]",True
obj_2afc_541505.csv,541505,1114.39999999991,../../images/project_obj_2AFC/im30.png,30,0,3,"[3,7]",True
obj_2afc_541505.csv,541505,1858.80000000028,../../images/project_obj_2AFC/im34.png,34,0,3,"[3,1]",True
obj_2afc_541505.csv,541505,1041.19999999972,../../images/project_obj_2AFC/im23.png,23,0,2,"[2,3]",True
obj_2afc_541505.csv,541505,794.100000000093,../../images/project_obj_2AFC/im4.png,4,0,0,"[0,9]",True
obj_2afc_541505.csv,541505,1255.5,../../images/project_obj_2AFC/im14.png,14,0,1,"[2,1]",False
obj_2afc_541505.csv,541505,598.100000000093,../../images/project_obj_2AFC/im29.png,29,0,2,"[2,7]",True
obj_2afc_541505.csv,541505,457.300000000279,../../images/project_obj_2AFC/im28.png,28,0,2,"[2,0]",True
obj_2afc_541505.csv,541505,838.900000000373,../../images/project_obj_2AFC/im54.png,54,1,7,"[2,7]",True
obj_2afc_541505.csv,541505,741.200000000186,../../images/project_obj_2AFC/im58.png,58,0,7,"[9,7]",False
obj_2afc_541505.csv,541505,805.899999999907,../../images/project_obj_2AFC/im18.png,18,1,1,"[7,1]",True
obj_2afc_541505.csv,541505,869.800000000279,../../images/project_obj_2AFC/im59.png,59,1,7,"[1,7]",True
obj_2afc_541505.csv,541505,745.400000000373,../../images/project_obj_2AFC/im20.png,20,1,2,"[0,2]",True
obj_2afc_541505.csv,541505,781.600000000093,../../images/project_obj_2AFC/im25.png,25,1,2,"[9,2]",True
obj_2afc_541505.csv,541505,809.399999999907,../../images/project_obj_2AFC/im6.png,6,0,0,"[0,9]",True
obj_2afc_541505.csv,541505,1072.5,../../images/project_obj_2AFC/im45.png,45,0,4,"[4,7]",True
obj_2afc_541505.csv,541505,767.899999999907,../../images/project_obj_2AFC/im7.png,7,0,0,"[0,9]",True
obj_2afc_541505.csv,541505,1197,../../images/project_obj_2AFC/im57.png,57,1,7,"[2,7]",True
obj_2afc_541505.csv,541505,794.799999999814,../../images/project_obj_2AFC/im1.png,1,1,0,"[9,0]",True
obj_2afc_541505.csv,541505,1203.29999999981,../../images/project_obj_2AFC/im16.png,16,0,1,"[1,0]",True
obj_2afc_541505.csv,541505,712.700000000186,../../images/project_obj_2AFC/im0.png,0,1,0,"[9,0]",True
obj_2afc_541505.csv,541505,1145.39999999991,../../images/project_obj_2AFC/im15.png,15,1,1,"[9,1]",True
obj_2afc_541505.csv,541505,910.799999999814,../../images/project_obj_2AFC/im5.png,5,0,0,"[0,2]",True
obj_2afc_541505.csv,541505,1119,../../images/project_obj_2AFC/im11.png,11,0,1,"[1,0]",True
obj_2afc_541505.csv,541505,743.299999999814,../../images/project_obj_2AFC/im9.png,9,1,0,"[3,0]",True
obj_2afc_541505.csv,541505,560.900000000373,../../images/project_obj_2AFC/im8.png,8,1,0,"[2,0]",True
obj_2afc_541505.csv,541505,1017.60000000009,../../images/project_obj_2AFC/im12.png,12,0,1,"[1,7]",True
obj_2afc_541505.csv,541505,986.700000000186,../../images/project_obj_2AFC/im43.png,43,0,4,"[4,2]",True
obj_2afc_541505.csv,541505,824.799999999814,../../images/project_obj_2AFC/im37.png,37,0,3,"[0,3]",False
obj_2afc_945785.csv,945785,976.299999982119,../../images/project_obj_2AFC/im39.png,39,1,3,"[1,3]",True
obj_2afc_945785.csv,945785,1302.29999998212,../../images/project_obj_2AFC/im41.png,41,0,4,"[4,0]",True
obj_2afc_945785.csv,945785,1018.30000001192,../../images/project_obj_2AFC/im2.png,2,1,0,"[7,0]",True
obj_2afc_945785.csv,945785,658.40000000596,../../images/project_obj_2AFC/im48.png,48,1,4,"[3,4]",True
obj_2afc_945785.csv,945785,1103.80000001192,../../images/project_obj_2AFC/im50.png,50,0,7,"[7,1]",True
obj_2afc_945785.csv,945785,770.299999982119,../../images/project_obj_2AFC/im44.png,44,1,4,"[0,4]",True
obj_2afc_945785.csv,945785,902.800000011921,../../images/project_obj_2AFC/im33.png,33,0,3,"[3,7]",True
obj_2afc_945785.csv,945785,1104.70000001788,../../images/project_obj_2AFC/im35.png,35,1,3,"[0,3]",True
obj_2afc_945785.csv,945785,604.299999982119,../../images/project_obj_2AFC/im40.png,40,1,4,"[2,4]",True
obj_2afc_945785.csv,945785,587.40000000596,../../images/project_obj_2AFC/im27.png,27,1,2,"[1,2]",True
obj_2afc_945785.csv,945785,501.600000023842,../../images/project_obj_2AFC/im24.png,24,1,2,"[0,2]",True
obj_2afc_945785.csv,945785,936.700000017881,../../images/project_obj_2AFC/im53.png,53,0,7,"[7,0]",True
obj_2afc_945785.csv,945785,1154.5,../../images/project_obj_2AFC/im46.png,46,1,4,"[9,4]",True
obj_2afc_945785.csv,945785,1554.19999998808,../../images/project_obj_2AFC/im3.png,3,1,0,"[7,0]",True
obj_2afc_945785.csv,945785,437.09999999404,../../images/project_obj_2AFC/im26.png,26,1,2,"[7,2]",True
obj_2afc_945785.csv,945785,1003.90000000596,../../images/project_obj_2AFC/im36.png,36,0,3,"[3,9]",True
obj_2afc_945785.csv,945785,854.700000017881,../../images/project_obj_2AFC/im21.png,21,1,2,"[7,2]",True
obj_2afc_945785.csv,945785,992.40000000596,../../images/project_obj_2AFC/im10.png,10,0,1,"[1,9]",True
obj_2afc_945785.csv,945785,1186.69999998808,../../images/project_obj_2AFC/im52.png,52,1,7,"[1,7]",True
obj_2afc_945785.csv,945785,638.09999999404,../../images/project_obj_2AFC/im19.png,19,1,1,"[7,1]",True
obj_2afc_945785.csv,945785,887.199999988079,../../images/project_obj_2AFC/im42.png,42,0,4,"[4,0]",True
obj_2afc_945785.csv,945785,885.09999999404,../../images/project_obj_2AFC/im56.png,56,1,7,"[9,7]",True
obj_2afc_945785.csv,945785,905.299999982119,../../images/project_obj_2AFC/im17.png,17,0,1,"[1,0]",True
obj_2afc_945785.csv,945785,637.200000017881,../../images/project_obj_2AFC/im31.png,31,0,3,"[3,2]",True
obj_2afc_945785.csv,945785,919.299999982119,../../images/project_obj_2AFC/im49.png,49,1,4,"[2,4]",True
obj_2afc_945785.csv,945785,487.800000011921,../../images/project_obj_2AFC/im32.png,32,1,3,"[9,3]",True
obj_2afc_945785.csv,945785,568.800000011921,../../images/project_obj_2AFC/im47.png,47,1,4,"[3,4]",True
obj_2afc_945785.csv,945785,1286.29999998212,../../images/project_obj_2AFC/im38.png,38,1,3,"[3,1]",False
obj_2afc_945785.csv,945785,922.5,../../images/project_obj_2AFC/im55.png,55,1,7,"[9,7]",True
obj_2afc_945785.csv,945785,1323.5,../../images/project_obj_2AFC/im13.png,13,1,1,"[7,1]",True
obj_2afc_945785.csv,945785,754.40000000596,../../images/project_obj_2AFC/im22.png,22,0,2,"[2,9]",True
obj_2afc_945785.csv,945785,921.800000011921,../../images/project_obj_2AFC/im51.png,51,0,7,"[7,0]",True
obj_2afc_945785.csv,945785,619.40000000596,../../images/project_obj_2AFC/im30.png,30,0,3,"[3,7]",True
obj_2afc_945785.csv,945785,552.699999988079,../../images/project_obj_2AFC/im34.png,34,0,3,"[3,1]",True
obj_2afc_945785.csv,945785,470,../../images/project_obj_2AFC/im23.png,23,0,2,"[2,3]",True
obj_2afc_945785.csv,945785,556.09999999404,../../images/project_obj_2AFC/im4.png,4,0,0,"[0,9]",True
obj_2afc_945785.csv,945785,821.59999999404,../../images/project_obj_2AFC/im14.png,14,1,1,"[2,1]",True
obj_2afc_945785.csv,945785,640,../../images/project_obj_2AFC/im29.png,29,0,2,"[2,7]",True
obj_2afc_945785.csv,945785,506.300000011921,../../images/project_obj_2AFC/im28.png,28,0,2,"[2,0]",True
obj_2afc_945785.csv,945785,751.100000023842,../../images/project_obj_2AFC/im54.png,54,1,7,"[2,7]",True
obj_2afc_945785.csv,945785,922.5,../../images/project_obj_2AFC/im58.png,58,1,7,"[9,7]",True
obj_2afc_945785.csv,945785,503.09999999404,../../images/project_obj_2AFC/im18.png,18,1,1,"[7,1]",True
obj_2afc_945785.csv,945785,552.699999988079,../../images/project_obj_2AFC/im59.png,59,1,7,"[1,7]",True
obj_2afc_945785.csv,945785,486.59999999404,../../images/project_obj_2AFC/im20.png,20,1,2,"[0,2]",True
obj_2afc_945785.csv,945785,453.40000000596,../../images/project_obj_2AFC/im25.png,25,1,2,"[9,2]",True
obj_2afc_945785.csv,945785,1217.59999999404,../../images/project_obj_2AFC/im6.png,6,0,0,"[0,9]",True
obj_2afc_945785.csv,945785,904.199999988079,../../images/project_obj_2AFC/im45.png,45,0,4,"[4,7]",True
obj_2afc_945785.csv,945785,436,../../images/project_obj_2AFC/im7.png,7,0,0,"[0,9]",True
obj_2afc_945785.csv,945785,837.300000011921,../../images/project_obj_2AFC/im57.png,57,1,7,"[2,7]",True
obj_2afc_945785.csv,945785,718.699999988079,../../images/project_obj_2AFC/im1.png,1,1,0,"[9,0]",True
obj_2afc_945785.csv,945785,2188.69999998808,../../images/project_obj_2AFC/im16.png,16,1,1,"[1,0]",False
obj_2afc_945785.csv,945785,1101.80000001192,../../images/project_obj_2AFC/im0.png,0,1,0,"[9,0]",True
obj_2afc_945785.csv,945785,704.800000011921,../../images/project_obj_2AFC/im15.png,15,1,1,"[9,1]",True
obj_2afc_945785.csv,945785,955.699999988079,../../images/project_obj_2AFC/im5.png,5,0,0,"[0,2]",True
obj_2afc_945785.csv,945785,855.59999999404,../../images/project_obj_2AFC/im11.png,11,0,1,"[1,0]",True
obj_2afc_945785.csv,945785,970.699999988079,../../images/project_obj_2AFC/im9.png,9,1,0,"[3,0]",True
obj_2afc_945785.csv,945785,403.40000000596,../../images/project_obj_2AFC/im8.png,8,1,0,"[2,0]",True
obj_2afc_945785.csv,945785,1071.89999997616,../../images/project_obj_2AFC/im12.png,12,0,1,"[1,7]",True
obj_2afc_945785.csv,945785,738.299999982119,../../images/project_obj_2AFC/im43.png,43,0,4,"[4,2]",True
obj_2afc_945785.csv,945785,1348.70000001788,../../images/project_obj_2AFC/im37.png,37,1,3,"[0,3]",True
obj_2afc_567335.csv,567335,1667.60000002384,../../images/project_obj_2AFC/im39.png,39,1,3,"[1,3]",True
obj_2afc_567335.csv,567335,800.399999976158,../../images/project_obj_2AFC/im41.png,41,0,4,"[4,0]",True
obj_2afc_567335.csv,567335,619,../../images/project_obj_2AFC/im2.png,2,1,0,"[7,0]",True
obj_2afc_567335.csv,567335,658.899999976158,../../images/project_obj_2AFC/im48.png,48,1,4,"[3,4]",True
obj_2afc_567335.csv,567335,704.5,../../images/project_obj_2AFC/im50.png,50,0,7,"[7,1]",True
obj_2afc_567335.csv,567335,651.5,../../images/project_obj_2AFC/im44.png,44,1,4,"[0,4]",True
obj_2afc_567335.csv,567335,648.700000047684,../../images/project_obj_2AFC/im33.png,33,0,3,"[3,7]",True
obj_2afc_567335.csv,567335,817.600000023842,../../images/project_obj_2AFC/im35.png,35,1,3,"[0,3]",True
obj_2afc_567335.csv,567335,807,../../images/project_obj_2AFC/im40.png,40,1,4,"[2,4]",True
obj_2afc_567335.csv,567335,822.399999976158,../../images/project_obj_2AFC/im27.png,27,1,2,"[1,2]",True
obj_2afc_567335.csv,567335,601.299999952316,../../images/project_obj_2AFC/im24.png,24,1,2,"[0,2]",True
obj_2afc_567335.csv,567335,625.800000071526,../../images/project_obj_2AFC/im53.png,53,0,7,"[7,0]",True
obj_2afc_567335.csv,567335,601.600000023842,../../images/project_obj_2AFC/im46.png,46,1,4,"[9,4]",True
obj_2afc_567335.csv,567335,619,../../images/project_obj_2AFC/im3.png,3,1,0,"[7,0]",True
obj_2afc_567335.csv,567335,689.300000071526,../../images/project_obj_2AFC/im26.png,26,1,2,"[7,2]",True
obj_2afc_567335.csv,567335,834.100000023842,../../images/project_obj_2AFC/im36.png,36,0,3,"[3,9]",True
obj_2afc_567335.csv,567335,799.100000023842,../../images/project_obj_2AFC/im21.png,21,1,2,"[7,2]",True
obj_2afc_567335.csv,567335,752.599999904633,../../images/project_obj_2AFC/im10.png,10,0,1,"[1,9]",True
obj_2afc_567335.csv,567335,665.200000047684,../../images/project_obj_2AFC/im52.png,52,1,7,"[1,7]",True
obj_2afc_567335.csv,567335,829.400000095367,../../images/project_obj_2AFC/im19.png,19,1,1,"[7,1]",True
obj_2afc_567335.csv,567335,746.399999976158,../../images/project_obj_2AFC/im42.png,42,0,4,"[4,0]",True
obj_2afc_567335.csv,567335,684.799999952316,../../images/project_obj_2AFC/im56.png,56,1,7,"[9,7]",True
obj_2afc_567335.csv,567335,706.5,../../images/project_obj_2AFC/im17.png,17,0,1,"[1,0]",True
obj_2afc_567335.csv,567335,1007.29999995232,../../images/project_obj_2AFC/im31.png,31,0,3,"[3,2]",True
obj_2afc_567335.csv,567335,1071.69999992847,../../images/project_obj_2AFC/im49.png,49,1,4,"[2,4]",True
obj_2afc_567335.csv,567335,751.800000071526,../../images/project_obj_2AFC/im32.png,32,1,3,"[9,3]",True
obj_2afc_567335.csv,567335,603.700000047684,../../images/project_obj_2AFC/im47.png,47,1,4,"[3,4]",True
obj_2afc_567335.csv,567335,711.299999952316,../../images/project_obj_2AFC/im38.png,38,0,3,"[3,1]",True
obj_2afc_567335.csv,567335,842.899999976158,../../images/project_obj_2AFC/im55.png,55,1,7,"[9,7]",True
obj_2afc_567335.csv,567335,2036.10000002384,../../images/project_obj_2AFC/im13.png,13,1,1,"[7,1]",True
obj_2afc_567335.csv,567335,645.399999976158,../../images/project_obj_2AFC/im22.png,22,0,2,"[2,9]",True
obj_2afc_567335.csv,567335,636.100000023842,../../images/project_obj_2AFC/im51.png,51,0,7,"[7,0]",True
obj_2afc_567335.csv,567335,799.299999952316,../../images/project_obj_2AFC/im30.png,30,0,3,"[3,7]",True
obj_2afc_567335.csv,567335,688.299999952316,../../images/project_obj_2AFC/im34.png,34,0,3,"[3,1]",True
obj_2afc_567335.csv,567335,656.300000071526,../../images/project_obj_2AFC/im23.png,23,0,2,"[2,3]",True
obj_2afc_567335.csv,567335,776,../../images/project_obj_2AFC/im4.png,4,0,0,"[0,9]",True
obj_2afc_567335.csv,567335,823.199999928474,../../images/project_obj_2AFC/im14.png,14,1,1,"[2,1]",True
obj_2afc_567335.csv,567335,712.400000095367,../../images/project_obj_2AFC/im29.png,29,0,2,"[2,7]",True
obj_2afc_567335.csv,567335,592.5,../../images/project_obj_2AFC/im28.png,28,0,2,"[2,0]",True
obj_2afc_567335.csv,567335,777.100000023842,../../images/project_obj_2AFC/im54.png,54,1,7,"[2,7]",True
obj_2afc_567335.csv,567335,648.899999976158,../../images/project_obj_2AFC/im58.png,58,1,7,"[9,7]",True
obj_2afc_567335.csv,567335,727.5,../../images/project_obj_2AFC/im18.png,18,1,1,"[7,1]",True
obj_2afc_567335.csv,567335,807.599999904633,../../images/project_obj_2AFC/im59.png,59,1,7,"[1,7]",True
obj_2afc_567335.csv,567335,581.399999976158,../../images/project_obj_2AFC/im20.png,20,1,2,"[0,2]",True
obj_2afc_567335.csv,567335,601.600000023842,../../images/project_obj_2AFC/im25.png,25,1,2,"[9,2]",True
obj_2afc_567335.csv,567335,1459.5,../../images/project_obj_2AFC/im6.png,6,0,0,"[0,9]",True
obj_2afc_567335.csv,567335,831.199999928474,../../images/project_obj_2AFC/im45.png,45,0,4,"[4,7]",True
obj_2afc_567335.csv,567335,698.200000047684,../../images/project_obj_2AFC/im7.png,7,0,0,"[0,9]",True
obj_2afc_567335.csv,567335,698.600000023842,../../images/project_obj_2AFC/im57.png,57,1,7,"[2,7]",True
obj_2afc_567335.csv,567335,681.799999952316,../../images/project_obj_2AFC/im1.png,1,1,0,"[9,0]",True
obj_2afc_567335.csv,567335,1188.5,../../images/project_obj_2AFC/im16.png,16,1,1,"[1,0]",False
obj_2afc_567335.csv,567335,707.899999976158,../../images/project_obj_2AFC/im0.png,0,1,0,"[9,0]",True
obj_2afc_567335.csv,567335,674.100000023842,../../images/project_obj_2AFC/im15.png,15,1,1,"[9,1]",True
obj_2afc_567335.csv,567335,626.5,../../images/project_obj_2AFC/im5.png,5,0,0,"[0,2]",True
obj_2afc_567335.csv,567335,930.800000071526,../../images/project_obj_2AFC/im11.png,11,0,1,"[1,0]",True
obj_2afc_567335.csv,567335,617.5,../../images/project_obj_2AFC/im9.png,9,1,0,"[3,0]",True
obj_2afc_567335.csv,567335,703.600000023842,../../images/project_obj_2AFC/im8.png,8,1,0,"[2,0]",True
obj_2afc_567335.csv,567335,779.5,../../images/project_obj_2AFC/im12.png,12,0,1,"[1,7]",True
obj_2afc_567335.csv,567335,798,../../images/project_obj_2AFC/im43.png,43,0,4,"[4,2]",True
obj_2afc_567335.csv,567335,739.800000071526,../../images/project_obj_2AFC/im37.png,37,1,3,"[0,3]",True
